URL;Tags
https://www.bensound.com/royalty-free-music/track/ukulele;['ukulele', 'happy', 'funny', 'advertising', 'upbeat', 'kid', 'kids', 'positive', 'chidren', 'joy', 'fun', 'acoustic', 'light', 'gentle']
https://www.bensound.com/royalty-free-music/track/creative-minds;['corporate', 'motivation', 'background', 'presentation', 'motivational', 'uplifting', 'success', 'advertising', 'guitar', 'piano', 'palm mute', 'business', 'commercial', 'inspirational', 'serious', 'optimistic', 'positive', 'innovate', 'creative', 'innovation', 'modern', 'science', 'technology']
https://www.bensound.com/royalty-free-music/track/a-new-beginning;['rock', 'uplifting', 'success', 'positive', 'hope', 'hopeful', 'optimistic', 'motivation', 'invincible', 'corporate', 'electric', 'guitar', 'epic', 'energy', 'energetic', 'emotional', 'confidence', 'business', 'piano']
https://www.bensound.com/royalty-free-music/track/little-idea;['kid', 'kids', 'corporate', 'bouncy', 'happy', 'upbeat', 'piano', 'delight', 'light', 'funny', 'fun', 'positive', 'game', 'video', 'product', 'presentation', 'commercial', 'ad', 'motivation', 'joy', 'cute', 'bright', 'bouncy']
https://www.bensound.com/royalty-free-music/track/jazzy-frenchy;['jazz', 'jazzy', 'acoustic', 'old', 'light', 'retro', 'swing', 'upbeat', 'vibes', 'vibraphone', 'accordion', 'django', 'paris', 'france', 'french', 'gypsy', 'contrabass', 'guitar', 'brushes', 'comedy', 'happy', 'fun', 'claps', 'clapping']
https://www.bensound.com/royalty-free-music/track/happy-rock;['rock', 'happy', 'catchy', 'energetic', 'corporate', 'cool', 'upbeat', 'winner', 'winning', 'positive', 'extreme', 'sport', 'fun', 'motivation', 'action', 'speed', 'fast', 'joy', 'electric', 'guitar', 'distorded', 'uplifting', 'claps', 'clapping', 'hand', 'advertising', 'commercial']
https://www.bensound.com/royalty-free-music/track/hey-happy-cheerful;['happy', 'positive', 'kid', 'kids', 'children', 'upbeat', 'joy', 'fun', 'fast', 'acoustic', 'guitar', 'folk', 'bright', 'uplifting', 'joy', 'joyful', 'cheerful', 'playful', 'optimistic', 'catchy', 'advertising', 'hey', 'claps', 'pop', 'positive', 'smile']
https://www.bensound.com/royalty-free-music/track/cute;['ukulele', 'acoustic', 'soft', 'positive', 'kids', 'children', 'child', 'baby', 'babies', 'cute', 'joy', 'sweet', 'nice', 'mellow']
https://www.bensound.com/royalty-free-music/track/memories;['gentle', 'cinematic', 'soft', 'bright', 'positive', 'film', 'movie', 'documentary', 'emotional', 'travel', 'light', 'dreamy', 'slideshow', 'youtube', 'photography', 'video', 'romantic', 'poetic']
https://www.bensound.com/royalty-free-music/track/going-higher;['success', 'victory', 'uplifting', 'achievenment', 'epic', 'triumph', 'sport', 'marimba', 'guitar', 'extreme', 'climax', 'delay', 'electric', 'rock', 'invincible']
https://www.bensound.com/royalty-free-music/track/acoustic-breeze;['nature', 'simple', 'light', 'happy', 'dreamy', 'dream', 'optimistic', 'inspirational', 'hopeful', 'positive', 'cheerful', 'bright', 'sun', 'summer', 'warm', 'sweet', 'soft', 'romantic', 'slideshow', 'photo', 'album', 'wedding', 'sentimental', 'peaceful', 'gentle', 'cello', 'guitar', 'folk', 'acoustic']
https://www.bensound.com/royalty-free-music/track/buddy;"['cute', 'light', 'happy', 'fun', 'kids', ""children's"", 'joy', 'advertising', 'corporate', 'motivation', 'fresh', 'positive', 'claps', 'clapping', 'glockenspiek', 'bells', 'acoustic', 'pian', 'ukulele', 'presentation', 'commercial', 'ad', 'funny', 'cartoon', 'catchy', 'bouncy', 'animation']"
https://www.bensound.com/royalty-free-music/track/dubstep;['dubstep', 'electronica', 'cars', 'sport', 'energy', 'energetic', 'wobble', 'powerful', 'hi', 'tech', 'extreme', 'agressive', 'action', 'modern', 'speed', 'trailer', 'game', 'video']
https://www.bensound.com/royalty-free-music/track/better-days;['calm', 'ambient', 'electric guitar', 'landscape', 'ocean', 'dramatic', 'nature', 'spiritual', 'travel', 'meditation', 'sad', 'slow', 'soundtrack', 'pad', 'melancholic']
https://www.bensound.com/royalty-free-music/track/sunny;['gentle', 'acoustic', 'kids', 'children', 'family', 'happy', 'positive', 'upbeat', 'folk', 'summer', 'funny', 'soft', 'bright', 'joyful', 'cheerful', 'pleasant', 'smiling']
https://www.bensound.com/royalty-free-music/track/energy;['energetic', 'upbeat', 'corporate', 'motivation', 'success', 'confidence', 'presentation', 'business', 'rock', 'electric', 'guitar', 'motivational', 'youtube', 'video', 'commercial', 'advertising', 'professional', 'serious']
https://www.bensound.com/royalty-free-music/track/epic;['epic', 'power', 'war', 'triumphant', 'trailer', 'intense', 'impact', 'dark', 'hollywood', 'heroic', 'fight', 'battle', 'action', 'adventure', 'soundtrack', 'score', 'cinema']
https://www.bensound.com/royalty-free-music/track/tenderness;['calm', 'tender', 'sweet', 'kind', 'family', 'tenderness', 'peaceful', 'kindness', 'love', 'romantic', 'couple', 'wedding', 'slideshow', 'peace', 'hope', 'guitar', 'folk', 'acoustic', 'realxing', 'piano', 'travel', 'baby', 'care']
https://www.bensound.com/royalty-free-music/track/freedom-whistling-folk;['whistle', 'whistling', 'guitars', 'mandolin', 'ukulele', 'folk', 'acoustic', 'vocals', 'uplifting', 'happy', 'positive', 'bright', 'exciting', 'hey', 'indie', 'box', 'cool', 'indie', 'rock', 'pop', 'summer', 'feel good', 'adventure', 'travel', 'discovery', 'warm', 'hopeful', 'freedom', 'trip', 'optimistic']
https://www.bensound.com/royalty-free-music/track/funny-song;['banjo', 'xylophone', 'fun', 'hip', 'hop', 'humorous', 'happy', 'fun', 'funny', 'child', 'kid', 'childish', 'children', 'cartoon', 'country', 'bells', 'cool']
https://www.bensound.com/royalty-free-music/track/once-again;['piano', 'poetic', 'guitar', 'emotional', 'sad', 'hopeful', 'beautiful', 'romantic', 'soft', 'inspirational', 'sad', 'warm', 'intense', 'travel', 'slideshow', 'commercial', 'video', 'youtube', 'album', 'photo', 'wedding', 'couple']
https://www.bensound.com/royalty-free-music/track/tomorrow;['lonely', 'sad', 'electric', 'guitar', 'solo', 'minimalist', 'slow', 'dramatic', 'quiet', 'film', 'soundtrack', 'cinematic', 'moving']
https://www.bensound.com/royalty-free-music/track/beach-party-energetic-dance-club;['happy', 'positive', 'edm', 'house', 'dance', 'electronic', 'future', 'chill', 'summer', 'fun', 'youth', 'modern', 'club', 'dancing', 'beach', 'sun', 'bright', 'sunny', 'carefree', 'feel good', 'adventure', 'discovery', 'travel', 'nature', 'energetic', 'exciting', 'sport', 'race', 'car', 'vlog', 'advertising', 'commercial', 'ad', 'fitness', 'fashion', 'beauty', 'explainer', 'tutorial', 'luxury', 'anton vlasov']
https://www.bensound.com/royalty-free-music/track/all-around-us;['cinematic', 'ambient', 'atmospheric', 'contemplative', 'soundscape', 'airy', 'introspective', 'nature', 'travel', 'soothing', 'film', 'movie', 'piano', 'electronic', 'electro', 'synth', 'pad', 'slow', 'timelapse', 'dan phillipson', 'calm', 'peaceful', 'inspirational']
https://www.bensound.com/royalty-free-music/track/clear-day;['fun', 'successful', 'upbeat', 'motivation', 'serious', 'rock', 'positive', 'piano', 'happy', 'funny', 'kids']
https://www.bensound.com/royalty-free-music/track/a-better-world-inspiration;['motivation', 'pop', 'corporate', 'electric', 'guitar', 'delay', 'uplifting', 'success', 'positive', 'bright', 'hopeful', 'inspiration', 'inspirational', 'adventure', 'discovery', 'travel', 'nature', 'vlog', 'slideshow', 'advertising', 'business', 'science', 'technology', 'nature', 'summer', 'happy', 'fun', 'modern', 'feel good', 'driving', 'energetic', 'achievement', 'indie box', 'samples', 'vocal']
https://www.bensound.com/royalty-free-music/track/moose;['electronica', 'house', 'french', 'video', 'cool', 'modern', 'fresh', 'promotional', 'commercial', 'ad', 'fast', 'speed', 'sport', 'cutting', 'edge', 'synth', 'synthetic']
https://www.bensound.com/royalty-free-music/track/adventure;['travel', 'nature', 'discovery', 'film', 'adventure', 'movie', 'journey', 'bright', 'optimistic', 'orchestral', 'orchestra', 'documentary', 'emotional', 'dreamy', 'light', 'summer', 'gentle', 'cinematic', 'sentimental', 'inspiring', 'strings', 'timpani', 'marimba']
https://www.bensound.com/royalty-free-music/track/the-lounge;['lounge', 'chillout', 'relax', 'warm', 'soft', 'smooth', 'slow', 'jazz', 'elevtor', 'muzak', 'easy', 'listening', 'cosy', 'fancy', 'glamour', 'classy', 'backgroun', 'music', 'website', 'design', 'decoration', 'relaxed']
https://www.bensound.com/royalty-free-music/track/sweet;['acoustic', 'pop', 'folk', 'guitar', 'calm', 'wedding', 'warm', 'sweet', 'soft', 'gentle', 'peaceful', 'peace', 'sentimental', 'emotional', 'calm', 'slideshow', 'photo', 'album']
https://www.bensound.com/royalty-free-music/track/evolution-epic-nature;['epic', 'orchestral', 'strings', 'nature', 'trailer', 'movie', 'cinematic', 'inspiring', 'action', 'brass', 'drums', 'film', 'dramatic', 'hollywood', 'inspiration', 'inspirational', 'woodwinds', 'power', 'powerful', 'adventure', 'hero', 'heroic', 'score', 'game', 'video game', 'soundtrack']
https://www.bensound.com/royalty-free-music/track/inspire;['success', 'corporate', 'energy', 'presentation', 'rock', 'motivation', 'piano', 'guitar', 'delay', 'strings', 'uplifting', 'confident', 'positive', 'serious', 'business', 'hope', 'pop', 'trust', 'advertising', 'ad']
https://www.bensound.com/royalty-free-music/track/retro-soul;['retro', 'soul', 'blues', 'funky', 'piano', 'organ', 'advertising', 'product', 'presentation', 'commercial', 'motivation', 'corporate', 'old', 'vintage']
https://www.bensound.com/royalty-free-music/track/love;['jazz', 'ballad', 'piano', 'romantic', 'photo', 'album', 'wedding', 'slideshow', 'sad', 'calm', 'serenity', 'soft', 'bar', 'cocktail', 'poetic', 'poetry', 'tenderness', 'tender', 'love', 'romantic', 'romantism', 'slow', 'couple']
https://www.bensound.com/royalty-free-music/track/straight;['lounge', 'neutral', 'business', 'corporate', 'presentation', 'serious', 'confident', 'chill', 'confort']
https://www.bensound.com/royalty-free-music/track/grand-canyon-epic-orchestral;['cinematic', 'epic', 'orchestra', 'adventure', 'orchestral', 'big', 'grand', 'impact', 'trailer', 'movie', 'film', 'video game', 'opener', 'intro', 'action', 'heroic', 'hero', 'fantasy', 'dramatic', 'score', 'hollywood', 'edrecords', 'emotional']
https://www.bensound.com/royalty-free-music/track/perception;['piano', 'corporate', 'motivation', 'presentation', 'background music', 'advertising', 'business', 'positive', 'inspiration', 'inspirational', 'inspiring', 'success']
https://www.bensound.com/royalty-free-music/track/the-jazz-piano;['jazz', 'trio', 'contrabass', 'upright', 'bass', 'trio', 'relax', 'piano', 'lounge', 'cool', 'jazzy', 'tuxedo', 'hotel', 'classy', 'elegent', 'fancy', 'bar']
https://www.bensound.com/royalty-free-music/track/jazz-comedy;['comedy', 'funny', 'humor', 'farce', 'joke', 'stupid', 'burlesque', 'magic', 'jazz', 'vibes', 'vibraphone', 'light', 'easy', 'listening', 'show', 'guitar', 'quartet']
https://www.bensound.com/royalty-free-music/track/piano-moment;['piano', 'solo', 'ballad', 'sweet', 'tender', 'apple', 'ad', 'commercial', 'minimalist', 'sad', 'soft', 'silence', 'warm', 'slow', 'intimate', 'romantic', 'love', 'wedding', 'gentle', 'moving', 'inspiration', 'hope', 'dream', 'sentimental', 'contemplative', 'beautiful', 'peaceful', 'peace', 'slow']
https://www.bensound.com/royalty-free-music/track/rumble;['rock', 'british', 'brit', 'dark', 'drum', 'intro', 'england', 'power', 'intensity', 'intense']
https://www.bensound.com/royalty-free-music/track/dance;['dance', 'house', 'electronica', 'fast', 'energetic', 'energy', 'techno', 'electric', 'guitar']
https://www.bensound.com/royalty-free-music/track/clap-and-yell;['pop', 'claps', 'yell', 'hey', 'kids', 'choir', 'energy', 'energetic', 'upbeat', 'electric', 'guitar', 'clapping', 'corporate', 'uplifting', 'commercial', 'advertising', 'positive', 'cool', 'modern', 'bright', 'fun', 'vocals', 'samples', 'joy', 'joyful', 'happy', 'gospel']
https://www.bensound.com/royalty-free-music/track/relaxing;['relaxation', 'massage', 'meditation', 'soundscape', 'ambient', 'spiritual', 'chill', 'relax', 'zen', 'newage', 'calm', 'yoga']
https://www.bensound.com/royalty-free-music/track/beyond-the-line;['rock', 'guitar', 'power', 'epic', 'powerful', 'emotion', 'inspiration', 'positive', 'hope', 'success', 'presentation', 'pop', 'indie', 'motivation', 'corporate']
https://www.bensound.com/royalty-free-music/track/punky;['rock', 'fun', 'fast', 'uptempo', 'upbeat', 'positive', 'guitar', 'electric', 'pop', 'fresh', 'cool', 'modern', 'clap', 'claps', 'advertising', 'commercial', 'synth', 'energy', 'energetic', 'driving', 'riff', 'sport', 'speed', 'action', 'happy', 'cheerful', 'bright', 'kids', 'youth', 'advertising']
https://www.bensound.com/royalty-free-music/track/actionable;['rock', 'action', 'aggressive', 'violent', 'tough', 'strong', 'sport', 'extreme', 'rough', 'power', 'powerful', 'overdrive', 'intense', 'hard', 'electric', 'guitar', 'distortion', 'saturated', 'angry', 'violence']
https://www.bensound.com/royalty-free-music/track/little-planet;['world', 'ethnic', 'cinematic', 'soundtrack', 'arab', 'spiritual', 'zen', 'indian', 'vocals', 'wild', 'space', 'travel', 'oriental', 'african', 'new', 'age', 'nature', 'morocco', 'meditation', 'maghreb', 'landscape', 'soundcape', 'ecology', 'documentary', 'music']
https://www.bensound.com/royalty-free-music/track/groovy-hip-hop;['rap', 'hip', 'hop', 'scratch', 'urban', 'bad', 'boy', 'dancer', 'dance', 'breakdance', 'break', 'breakbeat', 'alternative']
https://www.bensound.com/royalty-free-music/track/new-dawn;['cinematic', 'ambient', 'soundscape', 'future', 'film', 'see', 'ocean', 'strings', 'emotional', 'slow', 'nature', 'space', 'wild', 'travel']
https://www.bensound.com/royalty-free-music/track/erf;['electro', 'electronica', 'house', 'french', 'glitch', 'dubstep', 'synth', 'modern', 'daft punk', 'pop', 'uplifting', 'party', 'positive', 'catchy', 'bright', 'driving', 'loud', 'claps', 'fashion', 'energy', 'energetic', 'commercial', 'advertising', 'powerful', 'club', 'pumping', 'dance', 'motivation', 'motivational', 'trendy']
https://www.bensound.com/royalty-free-music/track/badass;['funky', 'action', 'groove', 'suspense', 'groovy', 'funky', 'sport', 'cop', 'cops', 'retro', 'opening', 'movie', 'film', 'cinematic', 'bongoes', 'guitar']
https://www.bensound.com/royalty-free-music/track/funky-element;['tutorial', 'education', 'educational', 'demonstration', 'promotional', 'product', 'presentation', 'funky', 'corporate', 'commercial', 'background', 'music']
https://www.bensound.com/royalty-free-music/track/instinct;['taiko', 'taiko drums', 'drums', 'power', 'powerful', 'dark', 'instinct', 'nature', 'animal', 'jungle', 'lion', 'tiger', 'predator', 'attack', 'fight', 'danger', 'africa', 'african', 'savannah', 'epic', 'army', 'disaster', 'japan', 'traditional', 'ethnic', 'percussion', 'tension', 'suspense']
https://www.bensound.com/royalty-free-music/track/all-that-chill-hop;['hip', 'hop', 'chill', 'jazz', 'lounge', 'samples', 'groove', 'groovy', 'urban', 'sax', 'saxophone', 'piano', 'old', 'laid back', 'beat', 'modern', 'street', 'background', 'youtube', 'royalty-free', 'chillout', 'chill out', 'positive', 'catchy', 'advertising', 'commercial']
https://www.bensound.com/royalty-free-music/track/brazil-samba;['brazil', 'brazilian', 'samba', 'party', 'carnival', 'upbeat', 'vacations', 'summer', 'happy', 'rio', 'parade', 'joy', 'dance', 'beach']
https://www.bensound.com/royalty-free-music/track/india;['india', 'indian', 'spiritual', 'spirituality', 'exotic', 'asia', 'asian', 'world', 'sitar', 'tablas', 'zen', 'relaxation', 'strings', 'cello', 'hindu', 'yoga']
https://www.bensound.com/royalty-free-music/track/dreams-chill-out;['chill', 'chillout', 'chill out', 'relax', 'relaxing', 'peaceful', 'future', 'tropical', 'edm', 'electronica', 'electro', 'dance', 'vocals', 'travel', 'vlog', 'youtube', 'landscape', 'nature', 'summer', 'pluck', 'dreamy', 'gentle', 'lounge', 'soft', 'beautiful', 'chic', 'laid back', 'happy']
https://www.bensound.com/royalty-free-music/track/the-duel;['wait', 'action', 'trumpet', 'suspense', 'strings staccato', 'brass', 'dramatic', 'fight', 'percussion', 'military', 'orchestra']
https://www.bensound.com/royalty-free-music/track/romantic;['romantic', 'jazz', 'ballad', 'piano', 'wedding', 'strings', 'slow', 'love', 'trio', 'glamour', 'dinner', 'couple', 'classy', 'luxury', 'champagne', 'restaurant', 'fancy']
https://www.bensound.com/royalty-free-music/track/psychedelic;['psychedelic', 'retro', 'vintage', 'dream', 'hallucination', 'hippies', 'stoned', 'drugs', 'flower power', 'flower', 'sitar']
https://www.bensound.com/royalty-free-music/track/country-boy;['country', 'folk', 'bluegrass', 'banjo', 'cowboy', 'cowboys', 'farmer', 'farm', 'redneck', 'rodeo', 'video', 'game', 'fun', 'party', 'happy', 'violin', 'amaerica', 'usa', 'south']
https://www.bensound.com/royalty-free-music/track/deep-blue;['galaxy', 'seabed', 'abyss', 'stars', 'space', 'opera', 'exploration', 'silence', 'scary', 'peace', 'calm', 'sea', 'ocean', 'discovery', 'diving', 'water', 'ambient', 'relaxation', 'underwater', 'blue', 'deep']
https://www.bensound.com/royalty-free-music/track/a-day-to-remember-wedding-music;['acoustic', 'gentle', 'mellow', 'sweet', 'calm', 'guitar', 'folk', 'wedding', 'romantic', 'love', 'sentimental', 'photos', 'soulful', 'strings', 'piano', 'emotional', 'soft', 'elegant', 'moving', 'video', 'slideshow', 'touching', 'couple', 'simple', 'warm']
https://www.bensound.com/royalty-free-music/track/high-octane-heavy-hard-rock-metal;['metal', 'rock', 'hard', 'heavy', 'electric', 'guitar', 'power', 'extreme', 'sport', 'action', 'agressive', 'speed', 'fast', 'cars', 'race', 'racing', 'drive', 'driving', 'energetic', 'powerful', 'game', 'strong', 'uplifting', 'overdrive']
https://www.bensound.com/royalty-free-music/track/the-elevator-bossa-nova;['bossa', 'nova', 'brasil', 'brazil', 'elevator', 'muzak', 'brazilian', 'background music', 'latin', 'summer', 'music on hold', 'easy listening', 'rio', 'relax']
https://www.bensound.com/royalty-free-music/track/breath-deep;['acoustic', 'guitar', 'folk', 'piano', 'tambourine', 'soft', 'gentle', 'uplifting', 'happy', 'cheerful', 'positive', 'bright', 'optimistic', 'calm', 'upbeat', 'hopeful', 'yan perchuk']
https://www.bensound.com/royalty-free-music/track/downtown;['funk', 'funky', 'brass', 'horns', 'trumpet', 'suspense', 'electric', 'guitar', 'drums', 'blues', 'action', 'movie', 'retro', 'congas', 'rhodes', 'drum solo', 'positive', 'dramatic', 'groovy', 'car', 'sport']
https://www.bensound.com/royalty-free-music/track/extreme-action;['sport', 'speed', 'snowboard', 'skate', 'race', 'rock', 'hard', 'power', 'powerful', 'bike', 'motor', 'loud', 'guitar', 'free', 'ride', 'fast', 'extreme', 'energetic', 'car', 'agressive', 'angry', 'action', 'metal']
https://www.bensound.com/royalty-free-music/track/happiness;['folk', 'guitar', 'acoustic', 'fun', 'motivation', 'positive', 'upbeat', 'uplifting', 'blues', 'success', 'corporate', 'business', 'wellness', 'summer', 'sun', 'vacation', 'leisure', 'joy', 'happ', 'happiness']
https://www.bensound.com/royalty-free-music/track/smile;['child', 'childish', 'kids', 'kid', 'fun', 'positive', 'acoustic', 'piano', 'happy', 'joy', 'joyful', 'happiness', 'gentle', 'ukulele', 'glockenspiel', 'xylophone', 'mallets', 'claps', 'advertising', 'commercial', 'children', 'bouncy', 'catchy', 'light', 'light hearted', 'playful', 'play', 'brushes', 'pizzicato', 'strings']
https://www.bensound.com/royalty-free-music/track/fun-day;['corporate music', 'business', 'claps', 'clapping', 'upbeat', 'bright', 'positive', 'fun', 'happy', 'joy', 'motivation', 'pop', 'advertising', 'vintage', 'retro', 'organ', 'success', 'joyful', 'piano', 'uplifting']
https://www.bensound.com/royalty-free-music/track/for-your-inspiration;['pop', 'bright', 'happy', 'fun', 'summer', 'vacation', 'advertising', 'commercial', 'feel good', 'corporate', 'driving', 'energetic', 'engaging inspirational', 'inspiring', 'motivational', 'positive', 'presentation', 'science', 'smooth', 'uplifting', 'cool', 'trendy', 'modern', 'success', 'achievement', 'indie', 'box', 'upbeat', 'vocal', 'samples']
https://www.bensound.com/royalty-free-music/track/forever-romantic-piano;['piano', 'romantic', 'love', 'lovely', 'romance', 'love', 'wedding', 'tender', 'sweet', 'gentle', 'soft', 'family', 'wedding', 'cello', 'strings', 'calm', 'peaceful', 'slideshow', 'album', 'memories', 'nostalgia', 'hopeful', 'emotional', 'sad', 'warm', 'sentimental', 'edrecords', 'moving', 'touching', 'soft', 'nature', 'documentary', 'couple']
https://www.bensound.com/royalty-free-music/track/birth-of-a-hero;['action', 'adventure', 'epic', 'hollywood', 'soundtrack', 'battle', 'war', 'choir', 'intense', 'intensity', 'trailer', 'dramatic', 'opening', 'courage', 'hero', 'heroic', 'cinematic', 'movie', 'game']
https://www.bensound.com/royalty-free-music/track/hip-jazz;['hip hop', 'jazz', 'piano', 'hybrid', 'crossover', 'groove', 'drum beat', 'beat', 'rap', 'urban', 'energetic', 'cool', 'blues', 'guitar', 'organ', 'samples', 'retro', 'vintage', 'old', 'rhodes', 'electric', 'catchy', 'groovy', 'funky', 'positive', 'upbeat']
https://www.bensound.com/royalty-free-music/track/photo-album;['gentle', 'romantic', 'love', 'couple', 'poetic', 'soft', 'sweet', 'acoutic', 'piano', 'sentimental', 'travel', 'calm', 'photo', 'album', 'pictures', 'slideshow', 'wedding', 'youtube', 'video']
https://www.bensound.com/royalty-free-music/track/small-guitar;['fun', 'happy', 'guitar', 'ukulele', 'claps', 'positive', 'funny', 'advertising', 'bouncy', 'upbeat', 'children', 'corporate', 'motivation', 'video', 'acoustic', 'bright', 'acoustic']
https://www.bensound.com/royalty-free-music/track/ofelias-dream;['dark', 'ambient', 'soundtrack', 'fantasy', 'strings', 'dramatic', 'mysterious', 'orchestral', 'film', 'enigmatic', 'cinematic', 'slow', 'quartet', 'sad']
https://www.bensound.com/royalty-free-music/track/funky-suspense;['funk', 'funky', 'contrabass', 'shaft', 'starsky', 'hutch', 'eleven', 'ocean', 'tension', 'sneaky', 'smooth', 'robbery', 'action', 'seventies', '70', 'suspense', 'wah', 'upright', 'bass', 'stealth', 'guitar']
https://www.bensound.com/royalty-free-music/track/sad-day;['sad', 'piano', 'solo', 'minimalist', 'sentimental', 'emotional', 'cinematic', 'film', 'dramatic', 'soundtrack', 'soft', 'gentle', 'melancholic']
https://www.bensound.com/royalty-free-music/track/november;['lonely', 'piano', 'solo', 'cinematic', 'slow', 'alone', 'score', 'soundtrack', 'dramatic', 'sad', 'sadness', 'calm', 'serenity', 'gentle', 'quiet', 'mellow', 'minimalist', 'soft', 'melancholic']
https://www.bensound.com/royalty-free-music/track/get-away;['rock', 'hard', 'agressive', 'power', 'powerful', 'action sport', 'epic', 'exciting', 'thrilling', 'claps', 'electric', 'guitar', 'heavy', 'drive', 'speed', 'extreme', 'intense', 'strong', 'race', 'racing', 'impact', 'edrecords']
https://www.bensound.com/royalty-free-music/track/get-what-you-want;['rock', 'indie', 'pop', 'fun', 'driving', 'exciting', 'bass', 'slap', 'claps', 'drums', 'electric', 'guitar', 'synths', 'excitement', 'funk', 'funky', 'groove', 'groovy', 'upbeat', 'youthful', 'modern', 'percussion', 'dan phillipson', 'opening', 'cinematic', 'movie', 'excitement']
https://www.bensound.com/royalty-free-music/track/enigmatic;['exotic', 'shaker', 'africa', 'african', 'enigmatic', 'mysterious', 'scary', 'anxious', 'odd', 'soundtrack', 'magic', 'magician', 'kalimba', 'mistery']
https://www.bensound.com/royalty-free-music/track/sci-fi;['sci', 'fi', 'sci-fi', 'tech', 'echnology', 'mysterious', 'dark', 'invetigation', 'conspiracy', 'disturbing', 'scientific', 'science', 'fiction', 'ufo', 'alien', 'fantastic']
https://www.bensound.com/royalty-free-music/track/go-for-it-future-bass-pop;['future', 'bass', 'pop', 'chill', 'electronic', 'fashion', 'hip hop', 'hip-hop', 'trap', 'upbeat', 'dubstep', 'modern', 'positive', 'exciting', 'uplifting', 'summer', 'sunny', 'happy', 'fun', 'bright', 'feel good', 'travel', 'vlog', 'youtube', 'vital', 'joyful', 'funky', 'sun', 'young']
https://www.bensound.com/royalty-free-music/track/shiny-morning-tropical-pop-house;['dance', 'house', 'pop', 'tropical', 'party', 'summer', 'fashion', 'bright', 'chillout', 'chill', 'club', 'electronic', 'electro', 'positive', 'travel', 'sexy', 'youth', 'vacation', 'beach', 'sun', 'sunny', 'vacation', 'feel good', 'happy', 'edrecords', 'advertising', 'vlog', 'explainer']
https://www.bensound.com/royalty-free-music/track/house;['house', 'electronica', 'french', 'music', 'fashion', 'beauty', 'sexy', 'clothes', 'shooting', 'model', 'glamour', 'catwalk', 'lounge', 'dance', 'runway', 'show', 'cosmetics']
https://www.bensound.com/royalty-free-music/track/hauntingwintersnow-celtic-fairy-irish;['fairy', 'magical', 'magic', 'celtic', 'irish', 'fantasy', 'cinematic', 'ghost', 'legend', 'forrest', 'mystery', 'mysterious', 'mysteries', 'tale', 'tales', 'orchestral', 'strings', 'choir', 'cello', 'piano', 'nature', 'score', 'movie', 'film', 'soundtrack', 'documentary', 'zac nelson', 'legend', 'legends']
https://www.bensound.com/royalty-free-music/track/hidden-eye-hybrid-trailer;['cinematic', 'trailer', 'epic', 'hybrid', 'impact', 'strong', 'battle', 'war', 'game', 'heroic', 'hero', 'fantasy', 'fantastic', 'modern', 'power', 'powerful', 'sci', 'fi', 'score', 'victory', 'edrecords', 'dark', 'disturbing', 'fear', 'action', 'suspense', 'thrill', 'thrilling']
https://www.bensound.com/royalty-free-music/track/ilhabela-future-chill;['chill', 'relaxed', 'electronic', 'vocal', 'chops', 'modern', 'samples', 'vlog', 'travel', 'slideshow', 'timelapse', 'emotional', 'moving', 'calm', 'peaceful', 'nature', 'discovery', 'cinematic', 'future', 'bass', 'advertising', 'documentary', 'fashion', 'luxury', 'edm', 'lounge', 'ambient', 'andriy', 'mashtalir', 'inspirational', 'laidback', 'electro', 'atmospheric', 'pop', 'chillout', 'summer', 'leisure', 'beauty', 'landscape', 'glitch']
https://www.bensound.com/royalty-free-music/track/in-hour-hands-romantic-piano;['piano', 'strings', 'romantic', 'soft', 'gentle', 'wedding', 'love', 'romance', 'classical', 'hopeful', 'slideshow', 'sentimental', 'moving', 'feelings', 'emotional', 'touching', 'edrecords']
https://www.bensound.com/royalty-free-music/track/young-and-free-happy-folk-freedom;['acoustic', 'indie', 'folk', 'youth', 'happiness', 'feel good', 'cheerful', 'positive', 'bright', 'mellow', 'gentle', 'soft', 'adventure', 'discovery', 'travel', 'trip', 'journey', 'nature', 'relaxed', 'leisure', 'laidback', 'sun', 'summer', 'flowers', 'hippie', 'freedom', 'free', 'beach', 'camp', 'guitar', 'indie box', 'slideshow', 'photo', 'timelapse', 'vlog', 'advertising', 'commercial', 'documentary']
https://www.bensound.com/royalty-free-music/track/you-and-me-romantic-love-wedding;['cinematic', 'romantic', 'piano', 'wedding', 'couple', 'valentine', 'strings', 'hopeful', 'guitar', 'acoustic', 'moving', 'touching', 'emotional', 'aventure', 'touching', 'soulful', 'love', 'feelings', 'dramatic', 'glockenspiel', 'harp', 'soft', 'gentle', 'nature', 'travel', 'timelapse', 'advertising', 'movie', 'soundtrack', 'film', 'am sound']
https://www.bensound.com/royalty-free-music/track/yellow-leaves-acoustic-soundtrack-soft-wedding;['guitar', 'acoustic', 'piano', 'strings', 'calm', 'soft', 'gentle', 'romantic', 'love', 'couple', 'wedding', 'documentary', 'film', 'movie', 'soundtrack', 'score', 'slideshow', 'album', 'pictures', 'moving', 'couple', 'touching', 'discovery', 'soulful', 'travel', 'feelings', 'nature', 'zen', 'relaxed', 'relaxing', 'timelapse', 'am sound', 'bright', 'hopeful', 'optimistic', 'positive']
https://www.bensound.com/royalty-free-music/track/wonderful-sunrise-contemplative-soulful;['cinematic', 'soundtrack', 'film', 'score', 'movie', 'cello', 'sad', 'contemplative', 'hopeful', 'documentary', 'inspiration', 'inspirational', 'hope', 'hopeful', 'intense', 'orchestral', 'violin', 'sweet', 'soothing', 'smooth', 'sentimental', 'love', 'couple', 'romantic', 'reflective', 'peaceful', 'soft', 'gentle', 'motional', 'dramatic', 'moving', 'touching', 'soulful', 'feelings', 'emotion', 'melancholic', 'nostalgic', 'intimate', 'adventure', 'discovery', 'travel', 'nature', 'advertising', 'music for youtube', 'slideshow', 'timelapse', 'am sound']
https://www.bensound.com/royalty-free-music/track/when-you-smile-romantic-jazz;['jazz', 'swing', 'brushes', 'vibraphone', 'piano', 'double bass', 'contrabass', 'strings', 'guitar', 'soft', 'mellow', 'gentle', 'romantic', 'love', 'couple', 'dinner', 'bar', 'cocktail', 'classy', 'gentleman', 'cosy', 'chill', 'relaxing', 'relaxed', 'drums', 'chimes', 'evening', 'delicate', 'music', 'on hold', 'slideshow', 'tender', 'luxury', 'wedding', 'dpmusic']
https://www.bensound.com/royalty-free-music/track/whe-dreams-come-true-bright-positive;['cinematic', 'piano', 'strings', 'motivation', 'positive', 'optimistic', 'happy', 'hopeful', 'uplifting', 'corporate', 'motivational', 'presentation', 'vlog', 'movie', 'film', 'documentary', 'nature', 'slideshow', 'timelapse', 'vlog', 'vacation', 'beautiful', 'happiness', 'building', 'advertising', 'youtube', 'am sound', 'impact', 'soulful', 'feel good', 'bright', 'soundscape', 'landscape', 'inspiration', 'inspirational', 'adventure', 'discovery', 'travel', 'delicate']
https://www.bensound.com/royalty-free-music/track/unreal-future-bass;['future', 'bass', 'inspiration', 'inspirational', 'electronica', 'electronic', 'glitch', 'experimental', 'action', 'sport', 'extreme', 'slow', 'motion', 'movement', 'dubstep', 'modern', 'trap', 'exciting', 'thrilling', 'hi', 'tech', 'science', 'technology', 'race', 'car', 'race', 'run', 'vlog', 'advertising', 'commercial', 'luxury', 'anton vlasov', 'urban']
https://www.bensound.com/royalty-free-music/track/unity-epic-video-game-hybrid;['epic', 'cinematic', 'big', 'strong', 'movie', 'soundtrack', 'film', 'video', 'game', 'hybrid', 'orchestral', 'action', 'war', 'fight', 'trailer', 'strings', 'percussion', 'power', 'powerful', 'energetic', 'tension', 'dramatic', 'fantasy', 'victorious', 'adventure', 'nature', 'symphonic', 'orchestra', 'opener', 'presentation', 'advertising', 'commercial', 'am sound']
https://www.bensound.com/royalty-free-music/track/thug-life-gangsta-hip-hop-rap;['hip', 'hop', 'hiphop', 'gangsta', 'rap', 'thug', 'thug life', 'street', 'urban', 'trap', 'future bass', 'future', 'sport', 'energetic', 'power', 'strong', 'danger', 'tough', 'electronic', 'action', 'powerful', 'extreme', 'agressive', 'energy', 'exciting', 'thrilling', 'car', 'sport', 'competition', 'race', 'run', 'video', 'game', 'advertising', 'ad', 'commercial', 'fashion', 'luxury', 'anton vlasov']
https://www.bensound.com/royalty-free-music/track/this-is-it-epic-pop-electronic;['epic', 'rock', 'electronic', 'hybrid', 'synths', 'urban', 'brass', 'funky', 'rhodes', 'electric piano', 'vocals', 'samples', 'guitar', 'success', 'triumph', 'powerful', 'action', 'sport', 'extreme', 'thrilling', 'pop', 'power', 'victorious', 'achievement', 'uplifting', 'adventure', 'exciting', 'race', 'run', 'exploit', 'modern', 'business', 'advertising', 'commercial', 'fashion', 'fitness', 'travel', 'vlog', 'indie box']
https://www.bensound.com/royalty-free-music/track/the-thief-jazz-big-band-action;"[""50's"", ""60's"", 'orchestra', 'bebop', 'saxophone', 'chase', 'retro', 'vintage', 'old', 'thief', 'robbery', 'suspense', 'film', 'movie', 'score', 'action', 'big', 'band', 'brass', 'circus', 'double bass', 'energetic', 'jazz', 'pursuit', 'sax', 'solo', 'soloing', 'swing', 'trumpet', 'upbeat', 'contrabass', 'cops', 'funny', 'quirky', 'am sound']"
https://www.bensound.com/royalty-free-music/track/the-great-story-touching-calm-cinematic;['slow', 'gentle', 'sad', 'emotional', 'moving', 'touching', 'soulful', 'feelings', 'emotion', 'contemplative', 'dream', 'dreamy', 'melancholic', 'nostalgia', 'nostalgic', 'calm', 'soft', 'peaceful', 'intimate', 'mellow', 'zen', 'relaxed', 'meditation', 'ambient', 'evert zeevalkink', 'bells', 'cinematic', 'clear', 'emotive', 'end sequence', 'enigmatic', 'ethereal', 'film', 'melodic', 'melody', 'minimal', 'movie', 'piano', 'reflective', 'sad', 'simple', 'subtle', 'synths', 'atmospheric']
https://www.bensound.com/royalty-free-music/track/temporary-fields-tech-abstract-hip-hop;['hip-hop', 'hip', 'hop', 'glitch', 'glitches', 'experimental', 'abstract', 'future', 'modern', 'electronic', 'electronica', 'trap', 'urban', 'street', 'science', 'tech', 'hi', 'technology', 'synthetic', 'atmospheric', 'neutral', 'serious', 'medium tempo', 'presentation', 'fx', 'sound', 'fashion', 'robot', 'artificial', 'vlog', 'youtube', 'anton vlasov']
https://www.bensound.com/royalty-free-music/track/take-my-hand;['chill', 'relaxed', 'abstract', 'electronic', 'modern', 'chill', 'relaxed', 'vlog', 'travel', 'slideshow', 'timelapse', 'emotional', 'moving', 'calm', 'peaceful', 'nature', 'discovery', 'cinematic', 'future', 'bass', 'advertising', 'documentary', 'fashion', 'luxury', 'edm', 'lounge', 'ambient', 'andriy', 'mashtalir', 'inspirational', 'laidback', 'electro', 'atmospheric', 'pop', 'chillout', 'leisure', 'beauty', 'landscape', 'glitch', 'modern']
https://www.bensound.com/royalty-free-music/track/surround-slow-peaceful-meditation-relaxing;['atmospheric', 'ambient', 'piano', 'calm', 'soft', 'cinematic', 'slow', 'peaceful', 'soundtrack', 'film', 'movie', 'score', 'strings', 'indie', 'sentimental', 'electronic', 'synthetic', 'emotional', 'sad', 'dramatic', 'moving', 'touching', 'soulful', 'feelings', 'evolving', 'intro', 'epic', 'victorious', 'hopeful', 'adventure', 'discovery', 'travel', 'nature', 'relaxed', 'hybrid', 'chill', 'meditation', 'spiritual', 'soundscape', 'zen', 'yoga', 'relaxation', 'slideshow', 'timelapse', 'documentary', 'luxury', 'new-age', 'nadav cohen']
https://www.bensound.com/royalty-free-music/track/summer-love-chill-summer-pop;['electronic', '\xa0beauty', '\xa0club', '\xa0dance', '\xa0elegant', '\xa0fashion', '\xa0house', '\xa0chill', 'lifestyle', '\xa0bright', 'inspiration', 'lounge', '\xa0luxury', '\xa0model', '\xa0inspirational', 'modern', '\xa0nightlife', '\xa0pop', '\xa0adventure', 'discovery', 'travel', 'nature', 'travel', 'presentation', 'relax', '\xa0sexy', '\xa0shopping', '\xa0simple', '\xa0slideshow', '\xa0spa', '\xa0stylish', '\xa0summer', '\xa0travel', '\xa0tropical', '\xa0vlog', '\xa0vlogs', 'andriy', 'mashtalir']
https://www.bensound.com/royalty-free-music/track/stronger-together-warm-indie-acoustic;['acoustic', 'guitar', 'drums', 'bells', 'business', 'contemporary', 'corporate', 'drums', 'emotional', 'folk', 'fresh', 'guitars', 'harmonics', 'hopeful', 'indie', 'inspiration', 'inspire', 'lifestyle', 'modern', 'roots', 'motivational', 'optimistic', 'sophisticated', 'success', 'upbeat', 'warm', 'evert zeevalkink', 'happy', 'cheerful', 'carefree', 'feel good', 'positive', 'bright', 'calm', 'soft', 'mellow', 'gentle', 'adventure', 'discovery', 'travel', 'nature', 'relaxed', 'presentation', 'slideshow', 'photo', 'explainer', 'tutorial', 'vlog', 'advertising', 'ad', 'commercial']
https://www.bensound.com/royalty-free-music/track/sorrow-piano-solo-sad;['piano', 'sad', 'melancholic', 'sorrow', 'soft', 'sadness', 'cinematic', 'peaceful', 'acoustic', 'sad', 'dramatic', 'touching', 'feelings', 'emotional', 'moving', 'soulful', 'calm', 'intimate', 'slideshow', 'love', 'nostalgia', 'movie', 'score', 'soundtrack', 'am sound']
https://www.bensound.com/royalty-free-music/track/dreamy-cinematic-somewhere-far-away;['airy', 'ambient', 'background', 'beautiful', 'bright', 'calm', 'chill', 'dreams', 'dreamy', 'emotional', 'emotive', 'hopeful', 'inspirational', 'inspiring', 'intimate', 'light', 'lovely', 'magic', 'melancholic', 'sad', 'somber', 'tense', 'sad', 'dramatic', 'moving', 'touching', 'soulful', 'feelings', 'soundscape', 'landscape', 'nostalgia', 'nostalgic', 'piano', 'pad', 'pads', 'emotion', 'discovery', 'travel', 'nature', 'peaceful', 'slideshow', 'memories', 'andy bird', 'sky', 'fly', 'dream', 'movie', 'soundtrack', 'film', 'documentary']
https://www.bensound.com/royalty-free-music/track/solilok-atmopsheric-electronic;['atmospheric', 'ambient', 'slow', 'urban', 'hip', 'hop', 'dream', 'dreamy', 'relaxed', 'chill', 'chilled', 'lounge', 'glitch', 'glitches', 'timelapse', 'electronic', 'synthetic', 'synth', 'calm', 'modern', 'travel', 'vlog', 'experimental', 'hi', 'tech', 'technology', 'science', 'life', 'nature', 'new age', 'documentary', 'anton vlasov']
https://www.bensound.com/royalty-free-music/track/snowdrop-touching-indie-film;['piano', 'strings', 'guitar', 'score', 'film', 'cinematic', 'peaceful', 'movie', 'orchestral', 'emotional', 'dramatic', 'moving', 'touching', 'soulful', 'feelings', 'calm', 'soft', 'peaceful', 'intimate', 'adventure', 'discovery', 'travel', 'nature', 'relaxed', 'indie', 'slideshow', 'travel', 'timelapse', 'warm', 'brass', 'documentary', 'vlog', 'science', 'am sound']
https://www.bensound.com/royalty-free-music/track/silver-tears-intimate-contemplative-film;['atmospheric', 'cinematic', 'piano', 'synthetic', 'strings', 'contemplative', 'intimate', 'sad', 'emotional', 'dramatic', 'moving', 'touching', 'soulful', 'feelings', 'emotion', 'dreamy', 'airy', 'soundscape', 'landscape', 'melancholic', 'nostalgia', 'nostalgic', 'inspiration', 'mellow', 'delicate', 'adventure', 'nature', 'zen', 'yoga', 'relaxation', 'meditation', 'slow', 'slow motion', 'sport', 'slideshow', 'timelapse', 'advertising', 'documentary', 'twinsmusic']
https://www.bensound.com/royalty-free-music/track/show-off-retrowave-synthwave;['funk', 'funky', 'bass', 'slap', 'glitches', 'future', 'retro', 'soul', 'mellow', 'cool', 'synth', 'electronic', 'wave', 'house', 'experimental', 'tech', 'modern', 'urban', 'hip', 'hop', 'break', 'danse', 'upbeat', 'energy', 'driving', 'catchy', 'exciting', 'thrilling', 'adrenaline', 'retrowave', 'synthwave', 'car', 'sport', 'competition', 'race', 'run', 'video', 'game', 'advertising', 'vlog', 'fashion', 'luxury', 'anton vlasov']
https://www.bensound.com/royalty-free-music/track/sepia-sun-electro-pop-fashion;['sad', 'melancholic', 'electronic', 'pop', 'fashion', 'synth', 'atmospheric', 'house', 'soulful', 'dreamy', 'airy', 'inspiration', 'inspirational', 'analog', 'modern', 'pumping', 'sidechain', 'ducking', 'power', 'powerful', 'action', 'extreme', 'sport', 'slow motion', 'epic', 'adventure', 'discovery', 'travel', 'aerial', 'exciting', 'thrilling', 'slideshow', 'timelapse', 'vlog', 'luxury', 'documentary', 'advertising', 'fitness', 'vocals', 'tomas novoa', 'organ', 'warm', 'emotional']
https://www.bensound.com/royalty-free-music/track/rustles-soft-intimate-film;['cinematic', 'piano', 'strings', 'soundtrack', 'score', 'film', 'movie', 'sad', 'melancholic', 'intimate', 'love', 'romantic', 'couple', 'wedding', 'soft', 'gentle', 'peaceful', 'emotional', 'moving', 'touching', 'feelings', 'nostalgia', 'nostalgic', 'calm', 'zen', 'meditation', 'contemplative', 'am sound', 'delicate', 'tender', 'tenderness', 'timelapse', 'emotion']
https://www.bensound.com/royalty-free-music/track/rising-tide-edm;['future', 'bass', 'pop', 'samples', 'modern', 'electronic', 'electro', 'sunny', 'french', 'house', 'edm', 'dance', 'trap', 'chainsmokers', 'positive', 'bright', 'optimistic', 'summer', 'trendy', 'youth', 'sun', 'party', 'club', 'finger', 'snaps', 'energy', 'beach', 'fashion', 'driving', 'adventure', 'discovery', 'travel', 'uplifting', 'exciting', 'thrilling', 'sport', 'action', 'Audiosign', 'synths', 'power', 'powerful', 'video', 'game', 'advertising', 'fitness', 'vlog']
https://www.bensound.com/royalty-free-music/track/rising-light-atmosperic-acoustic-cinematic;['folk', 'guitar', 'acoustic', 'fingerpicking', 'mellow', 'ambient', 'pad', 'atmospheric', 'calm', 'soft', 'peaceful', 'intimate', 'sad', 'inspiration', 'inspirational', 'emotional', 'dramatic', 'moving', 'touching', 'soulful', 'feelings', 'emotion', 'comforting', 'nostalgia', 'nostalgic', 'documentary', 'dreamy', 'songwriter', 'emotional', 'ethereal', 'laidback', 'lonely', 'soundscape', 'melancholic', 'open', 'organic', 'travel', 'nature', 'quiet', 'reverb', 'sad', 'soundscape', 'spacious', 'underscore', 'warm', 'relaxed', 'evert zeevalkink', 'zen', 'relaxation', 'meditation', 'contemplative', 'soundtrack', 'cinematic', 'film', 'movie']
https://www.bensound.com/royalty-free-music/track/riot-epic-danger-tension;['epic', 'drums', 'power', 'powerful', 'trailer', 'hybrid', 'cinematic', 'video', 'game', 'war', 'battle', 'action', 'sport', 'emergency', 'suspense', 'tension', 'fear', 'danger', 'high', 'energy', 'hazard', 'alarm', 'building', 'aggressive', 'fight', 'dramatic', 'tense', 'suspenseful', 'tomas novoa', 'soundtrack', 'movie', 'film', 'documentary', 'score']
https://www.bensound.com/royalty-free-music/track/rain-ambient-contemplative;['atmospheric', 'ambient', 'slow', 'calm', 'electronic', 'trip-hop', 'lounge', 'relaxing', 'relaxation', 'relax', 'chillout', 'slow motion', 'pad', 'electronic', 'electronica', 'synth', 'synthetic', 'contemplative', 'soulful', 'warm', 'melancholic', 'nostalgia', 'inspiration', 'inspirational', 'calm', 'soft', 'peaceful', 'adventure', 'discovery', 'travel', 'nature', 'zen', 'yoga', 'new-age', 'meditation', 'anton vlasov', 'slideshow', 'timelapse', 'sport', 'documentary', 'science', 'technology', 'tech', 'fashion', 'luxury']
https://www.bensound.com/royalty-free-music/track/processing-music-on-hold;['technology', 'tech', 'science', 'calm', 'soft', 'background', 'music', 'electronic', 'synths', 'synthetic', 'new age', 'ambient', 'piano', 'sci-fi', 'atmospheric', 'neutral', 'news', 'information', 'report', 'tv', 'presentation', 'slideshow', 'on hold', 'explainer', 'tutorial', 'education', 'dpmusic']
https://www.bensound.com/royalty-free-music/track/power-on-urban-rock;['rock', 'action', 'energy', 'energetic', 'sport', 'modern', 'electric', 'guitar', 'power', 'powerful', 'strong', 'claps', 'adventure', 'thrilling', 'hip hop', 'urban', 'extreme', 'car', 'speed', 'bass', 'strength', 'uplifting', 'race', 'epic', 'run', 'competition', 'video', 'game', 'advertising', 'commercial', 'anton vlasov']
https://www.bensound.com/royalty-free-music/track/playground-happy-kids-ukulele;['ukulele', 'acoustic', 'kids', 'kid', 'child', 'childish', 'fun', 'funny', 'glockenspiel', 'happy', 'playful', 'claps', 'electronic', 'synth', 'cheerful', 'playful', 'bright', 'youth', 'slideshow', 'tutorial', 'explainer', 'advertising', 'ad', 'commercial', 'education', 'educational', 'anton vlasov']
https://www.bensound.com/royalty-free-music/track/out-of-time-contemplative-atmospheric;['atmospheric', 'choir', 'strings', 'pads', 'ambient', 'contemplative', 'nostalgia', 'nostalgic', 'inspiration', 'guitars', 'inspirational', 'big', 'extreme', 'sport', 'touching', 'feelings', 'sad', 'melancholic', 'piano', 'electronic', 'meditation', 'relaxed', 'chill', 'zen', 'cinematic', 'soundtrack', 'corporate', 'calm', 'peaceful', 'advertising', 'soulful', 'emotional', 'dream', 'dreamy', 'soundscape', 'landscape', 'love', 'romantic', 'couple', 'wedding', 'mellow', 'gentle', 'soft', 'nature', 'delicate', 'relaxation', 'yoga', 'wellness', 'presentation', 'slideshow', 'vlog', 'timelapse', 'documentary', 'luxury', 'slow', 'dpmusic']
https://www.bensound.com/royalty-free-music/track/out-of-reach-contemplative-downtempo;['lounge', 'electronic', 'advertising', '\xa0soundscape', 'ambient', '\xa0atmosphere', '\xa0contemplative', '\xa0beautiful', '\xa0beauty', '\xa0calm', '\xa0warm', 'chill', '\xa0chillout', '\xa0commercial', '\xa0calm', 'documentary', '\xa0downtempo', '\xa0slideshow', 'dreamy', '\xa0new age', 'emotion', '\xa0meditation', 'emotional', '\xa0gentle', '\xa0intimate', 'innovation', '\xa0inspirational', '\xa0nature', 'inspiring', '\xa0luxury', 'light', '\xa0timelapse', 'modern', '\xa0vlog', 'motivational', '\xa0zen', 'positive', '\xa0travel', 'presentation', '\xa0relax', '\xa0zen', 'soft', '\xa0soundtrack', '\xa0fashion', 'timelapse', '\xa0tranquil', '\xa0uplifting', 'andriy mashtalir']
https://www.bensound.com/royalty-free-music/track/open-road-playful-acoustic-folk;['folk', 'acoustic', 'guitar', 'piano', 'mandolin', 'indie', 'calm', 'feel good', 'positive', 'bright', 'gentle', 'warm', 'soulful', 'optimistic', 'contemplative', 'airy', 'soft', 'tender', 'mellow', 'banjo', 'tambourine', 'hopeful', 'adventure', 'discovery', 'nature', 'happy', 'happiness', 'travel', 'trip', 'journey', 'playful', 'upbeat', 'relaxed', 'chill', 'wellness', 'slideshow', 'photo', 'vlog', 'tutorial', 'explainer', 'advertising', 'commercial', 'education', 'wedding', 'indie box']
https://www.bensound.com/royalty-free-music/track/one-little-story-dreamy-cinematic-piano;['cinematic', 'atmospheric', 'hybrid', 'airy', 'ambient', 'angelic', 'background', 'beautiful', 'calm', 'chill', 'dream', 'dreamy', 'emotional', 'emotive', 'piano', 'guitar', 'hopeful', 'inspirational', 'sport', 'slow motion', 'inspiring', 'intimate', 'light', 'lovely', 'magic', 'melancholic', 'sad', 'dramatic', 'moving', 'touching', 'soulful', 'feelings', 'slow', 'fairy', 'tale', 'fantasy', 'soundtrack', 'film', 'movie', 'documentary', 'nature', 'landscape', 'soundscape', 'soft', 'peaceful', 'intimate', 'peace', 'zen', 'timelapse', 'slideshow', 'nature', 'andy bird']
https://www.bensound.com/royalty-free-music/track/not-alone-edm-electronic-pop;['future', 'bass', 'pop', 'vocals', 'samples', 'modern', 'electronic', 'electro', 'pumping', 'sidechain', 'french', 'house', 'edm', 'dance', 'chainsmokers', 'positive', 'bright', 'optimistic', 'trendy', 'youth', 'sun', 'party', 'club', 'finger', 'snaps', 'energy', 'driving', 'adventure', 'discovery', 'travel', 'uplifting', 'exciting', 'thrilling', 'adrenaline', 'sport', 'action', 'fashion', 'flume', 'Audiosign', 'synths', 'power', 'powerful', 'video', 'game', 'advertising', 'fitness', 'vlog', 'luxury']
https://www.bensound.com/royalty-free-music/track/morning-glow-calm-peaceful;['calm', 'peaceful', 'soft', 'violin', 'strings', 'chamber', 'piano', 'guitar', 'acoustic', 'gentle', 'sad', 'emotional', 'dramatic', 'moving', 'touching', 'soulful', 'feelings', 'love', 'romantic', 'intimate', 'cello', 'slideshow', 'timelapse', 'nature', 'adventure', 'advertising', 'vlog', 'travel', 'wedding', 'documentary', 'luxury', 'movie', 'soundtracks', 'film', 'score', 'am sound', 'orchestra', 'orchestral']
https://www.bensound.com/royalty-free-music/track/morning-air-minimal-cinematic-piano;['cinematic', 'acoustic', 'guitar', 'ambient', 'folk', 'atmospheric', 'movie', 'soundtrack', 'score', 'film', 'bright', 'cinematic', 'documentary', 'emotional', 'vocals', 'choir', 'footage', 'intimate', 'minimal', 'open', 'pedal steel', 'slide', 'intimate', 'piano', 'quiet', 'relaxed', 'reverb', 'soft', 'soundscape', 'warm', 'landscape', 'sad', 'emotional', 'moving', 'touching', 'soulful', 'feelings', 'emotion', 'melancholic', 'nostalgia', 'nostalgic', 'love', 'romantic', 'couple', 'wedding', 'inspiration', 'inspirational', 'calm', 'soft', 'peaceful', 'gentle', 'hopeful', 'slideshow', 'photo', 'album', 'documentary', 'nature', 'evert zeevalkink']
https://www.bensound.com/royalty-free-music/track/mataiea-relaxed-tropical-pop;['summer', 'sun', 'leisure', 'beach', 'vacation', 'tropical', 'relaxed', 'relax', 'chill', 'chillout', 'lounge', 'laidback', 'claps', 'edm', 'electronic', 'synths', 'electro', 'pop', 'paradise', 'island', 'beautiful', 'atmospheric', 'ambient', 'calm', 'feel good', 'happy', 'positive', 'pluck', 'mallets', 'bright', 'optimistic', 'peaceful', 'mellow', 'adventure', 'travel', 'leisure', 'new age', 'zen', 'presentation', 'slow', 'indie box', 'slideshow', 'photo', 'documentary', 'advertising', 'nature', 'fashion']
https://www.bensound.com/royalty-free-music/track/magical-journey-epic-classical-music;['cello', 'cinematic', 'classical', 'documentaries', 'dramatic', 'dreamy', 'elegance', 'piano', 'orchestral', 'film', 'gentle', 'inspirational', 'inspire', 'inspiring', 'love', 'magical', 'modern classical', 'motivate', 'achievement', 'video game', 'heroic', 'fantasy', 'motivational', 'movie', 'piano', 'romantic', 'science', 'sentimental', 'strings', 'trailer', 'wedding', 'trailer', 'soundtrack', 'woodwinds', 'flute', 'innovation', 'epic', 'strings', 'emotional', 'dramatic', 'moving', 'touching', 'soulful', 'feelings', 'melancholic', 'nostalgic', 'adventure', 'discovery', 'travel', 'nature', 'timelapse', 'slideshow', 'andy bird', 'choir']
https://www.bensound.com/royalty-free-music/track/mademoiselle-gypsy-jazz-comedy;['gypsy', 'jazz', 'django', 'guitar', 'french', 'violin', 'old', 'vintage', 'comedy', 'comic', 'comical', 'double bass', 'contrabass', 'swing', 'happy', 'fun', 'funny', 'tutorial', 'show', 'magic', 'catchy', 'kids', 'children', 'explainer', 'advertising', 'amusing', 'ponymusic', 'paris']
https://www.bensound.com/royalty-free-music/track/look-ahead-future-chill;['future', 'bass', 'chill', 'relaxed', 'summer', 'beach', 'leisure', 'sun', 'pop', 'calm', 'modern', 'synth', 'vocal samples', 'electronic', 'tech', 'experimental', 'glitch', 'glitches', 'urban', 'atmospheric', 'cool', 'dream', 'landscape', 'mellow', 'adventure', 'travel', 'nature', 'casual', 'anton vlasov', 'tutorial', 'sport', 'explainer', 'advertising', 'fashion', 'luxury']
https://www.bensound.com/royalty-free-music/track/long-road-introspective-indie-folk;['folk', 'acoustic', 'guitar', 'gentle', 'electric', 'warm', 'indie', 'introspective', 'reverb', 'songwriter', 'sad', 'emotional', 'dramatic', 'moving', 'touching', 'soulful', 'feelings', 'emotion', 'landscape', 'melancholic', 'nostalgia', 'nostalgic', 'calm', 'soft', 'peaceful', 'intimate', 'zen', 'relaxation', 'meditation', 'evert zeevalkink']
https://www.bensound.com/royalty-free-music/track/live-freely-rock-ballad-atmospheric;['indie', 'rock', 'ballad', 'atmospheric', 'cinematic', 'drums', 'band', 'electric', 'guitar', 'mellow', 'emotional', 'emotive', 'gentle', 'warm', 'inspiration', 'inspiring', 'inspirational', 'reverb', 'sad', 'songwriter', 'moving', 'touching', 'soulful', 'feelings', 'emotion', 'contemplative', 'landscape', 'melancholic', 'nostalgia', 'nostalgic', 'love', 'romantic', 'calm', 'soft', 'peaceful', 'intimate', 'hopeful', 'adventure', 'discovery', 'travel', 'nature', 'slideshow', 'travel', 'vlog', 'timelapse', 'evert zeevalkink']
https://www.bensound.com/royalty-free-music/track/let-it-go-urban-chill-hiphop-lofi;['urban', 'hip', 'hop', 'lofi', 'cool', 'lo-fi', 'lo fi', 'old', 'school', 'hip-hop', 'young', 'youth', 'vocoder', 'fun', 'claps', 'rap', 'bright', 'positive', 'vocals', 'vinyl', 'exciting', 'travel', 'commercial', 'advertising', 'hiphop', 'beat', 'funky', 'sport', 'vlog', 'stereochipz', 'summer', 'chill']
https://www.bensound.com/royalty-free-music/track/kickshot-modern-action-rock;['rock', 'action', 'energy', 'energetic', 'sport', 'modern', 'western', 'electric', 'guitar', 'power', 'powerful', 'strong', 'adventure', 'aggressive', 'thrilling', 'extreme', 'car', 'speed', 'strength', 'race', 'run', 'competition', 'video', 'game', 'advertising', 'commercial', 'anton vlasov', 'vocals', 'samples']
https://www.bensound.com/royalty-free-music/track/kaleidoscope-retrowave-chillwave;['trip hop', 'air', 'ambient', 'atmospheric', 'background', 'beat', 'bright', 'chill', 'dream', 'dreamy', 'emotional', 'film', 'hip hop', 'movie', 'relax', 'relaxed', 'retrowave', 'soundtrack', 'space stranger', 'stranger', 'synth', 'things', 'timelapse', 'vintage', 'synthwave', 'synths', 'retro', 'electronic', 'pop', 'positive', 'inspiration', 'inspirational', 'adventure', 'discovery', 'youtube', 'travel', 'nature', 'advertising', 'vlog', 'fashion', 'science', 'technology', 'chillwave', 'lounge', 'andy bird']
https://www.bensound.com/royalty-free-music/track/in-trend-funky-comedy;['funky', 'funk', 'urban', 'scratch', 'vinyl', 'hip hop', 'organ', 'cool', 'guitar', 'groove', 'groovy', 'energetic', 'catchy', 'fun', 'brass', 'happy', 'positive', 'bright', 'driving', 'exciting', 'youth', 'thrilling', 'vlog', 'explainer', 'background', 'advertising', 'comedy', 'comedian', 'jokes', 'funny', 'commercial', 'education', 'sport', 'fitness', 'video', 'game', 'indie box']
https://www.bensound.com/royalty-free-music/track/icarus-dream-chill-relax-paradise;['dream', 'dreamy', 'chill', 'chillout', 'relaxed', 'lounge', 'slow', 'pop', 'relaxing', 'electric', 'guitar', 'drum', 'electronic', 'ambient', 'airy', 'hybrid', 'bright', 'chillhop', 'optimistic', 'contemplative', 'soundscape', 'leisure', 'laidback', 'sun', 'beach', 'relax', 'landscape', 'vacation', 'paradise', 'advertising', 'fashion', 'sport fitness', 'luxury', 'timelapse', 'slideshow', 'calm', 'inspiration', 'adventure', 'travel', 'beauty', 'vlog', 'nature', 'uplifting', 'indie box']
https://www.bensound.com/royalty-free-music/track/i-feel-you-nostalgia-sad-piano;['cinematic', 'classical', 'dramatic', 'dreamy', 'emotional', 'fairy tail', 'film', 'gentle', 'inspiration', 'light', 'love', 'magic', 'melancholic', 'orchestral', 'piano', 'romantic', 'soundtrack', 'storytelling', 'strings', 'touching', 'wedding', 'piano', 'couple', 'sad', 'moving', 'touching', 'soulful', 'feelings', 'nostalgia', 'intimate', 'andy bird']
https://www.bensound.com/royalty-free-music/track/hyde-park-calm-piano-wedding;['piano', 'calm', 'acoustic', 'soft', 'sweet', 'warm', 'guitar', 'soulful', 'romantic', 'love', 'wedding', 'couple', 'bright', 'optimistic', 'emotional', 'moving', 'touching', 'soulful', 'feelings', 'emotion', 'strings', 'contemplative', 'dream', 'dreamy', 'nostalgic', 'inspiration', 'inspirational', 'intimate', 'peaceful', 'delicate', 'hopeful', 'nature', 'zen', 'yoga', 'wellness', 'slideshow', 'photo', 'vlog', 'travel', 'advertising', 'commercial', 'beauty', 'indie box']
https://www.bensound.com/royalty-free-music/track/hope-is-real-rising-opener-cinematic;['cinematic', 'glockenspiel', 'strings', 'orchestral', 'ad', 'soundtrack', 'trailer', 'calm', 'peaceful', 'piano', 'sunrise', 'climax', 'fade', 'in', 'fadein', 'percussion', 'soft', 'epic', 'advertising', 'presentation', 'introduction', 'emotional', 'magic', 'magical', 'fantasy', 'inspiration', 'inspirational', 'hopeful', 'adventure', 'opener', 'discovery', 'travel', 'nature', 'rise', 'rising', 'travel', 'journey', 'vlog', 'logo', 'am sound']
https://www.bensound.com/royalty-free-music/track/head-in-the-sky-delicate-mellow-folk;['acoustic', 'folk', 'claps', 'piano', 'guitar', 'violin', 'ukulele', 'mandolin', 'happy', 'feel good', 'sun', 'strings', 'sunny', 'warm', 'sweet', 'mellow', 'positive', 'bright', 'optimistic', 'memories', 'nostalgic', 'calm', 'peaceful', 'drums', 'tambourine', 'delicate', 'kids', 'children', 'youth', 'adventure', 'travel', 'nature', 'relaxed', 'photo', 'slideshow', 'explainer', 'tutorial', 'vlog', 'advertising', 'indie box']
https://www.bensound.com/royalty-free-music/track/gilted-tales-magical-fairy;['xmas', 'Christmas', 'magic', 'magical', 'fairy', 'tale', 'fantasy', 'dream', 'dreamy', 'cinematic', 'orchestral', 'airy', 'soundscape', 'landscape', 'inspiration', 'inspirational', 'mellow', 'calm', 'delicate', 'adventure', 'video', 'game', 'travel', 'timelapse', 'slideshow', 'piano', 'strings', 'documentary', 'mystery', 'mysterious', 'wonder', 'amazed', 'melancholic', 'nostalgic', 'bells', 'harp', 'dpmusic']
https://www.bensound.com/royalty-free-music/track/ghost-trap-hip-hop-relaxed;['electronic', 'future', 'bass', 'modern', 'hip', 'hop', 'urban', 'trap', 'glitch', 'cool', 'dreamy', 'airy', 'dream', 'soundscape', 'landscape', 'inspiration', 'inspirational', 'mellow', 'adventure', 'travel', 'nature', 'chill', 'relaxed', 'tech', 'technology', 'experimental', 'slideshow', 'timelapse', 'vlog', 'fashion', 'anton vlasov', 'calm', 'summer']
https://www.bensound.com/royalty-free-music/track/get-ready-lo-fi-hip-hop-funk;['groove', 'funky', 'urban', 'hip', 'hiphop', 'hop', 'street', 'cool', 'old school', 'claps', 'young', 'youth', 'fun', 'vocal', 'samples', 'bright', 'positive', 'brass', 'rap', 'vinyl', 'exciting', 'thrilling', 'commercial', 'advertising', 'hiphop', 'beat', 'movement', 'dance', 'funk', 'sport', 'vlog', 'stereochipz', 'lofi', 'lo-fi']
https://www.bensound.com/royalty-free-music/track/friends-optimistic-upbeat-happy;['pop', 'corporate', 'motivation', 'happy', 'cheerful', 'carefree', 'feel good', 'joyful', 'energetic', 'fast', 'positive', 'bright', 'optimistic', 'success', 'upbeat', 'business', 'cool', 'funny', 'kids', 'youth', 'party', 'uplifting', 'travel', 'adventure', 'presentation', 'explainer', 'tutorial', 'advertising', 'vlog', 'guitar', 'indie box']
https://www.bensound.com/royalty-free-music/track/fresh-air-future-pop;['pop', 'electronic', 'electronica', 'future bass', 'future', 'vocal', 'samples', 'guitar', 'positive', 'synth', 'bright', 'summer', 'vlog', 'travel', 'adventure', 'discovery', 'experimental', 'fashion', 'advertising', 'commercial', 'anton vlasov']
https://www.bensound.com/royalty-free-music/track/freaky-halloween-odd-strange;['halloween', 'scary', 'freak', 'freaky', 'show', 'circus', 'strange', 'odd', 'worrying', 'bells', 'glockenspiel', 'timpani', 'flute', 'orchestra', 'orchestral', 'dark', 'ghost', 'spooky', 'toy', 'piano', 'twinsmusic', 'strings', 'funny']
https://www.bensound.com/royalty-free-music/track/for-the-best;['electro', 'trap', 'atmospheric', 'ambient', 'glitches', 'hi tech', 'experimental', 'modern', 'fx', 'future', 'science', 'technology', 'glitch', 'calm', 'relaxed', 'chilled', 'timelapse', 'vlog', 'anton vlasov', 'future', 'bass', 'electronic', 'synthetic', 'synth', 'sport', 'melancholic', 'contemplative', 'dreamy', 'dream', 'nostalgia', 'nostalgic', 'adventure', 'discovery', 'nature', 'advertising', 'cosmetic']
https://www.bensound.com/royalty-free-music/track/follow-me-modern-pop-catchy;['electronic', 'edm', 'advertising', '\xa0feel good', 'bright', '\xa0business', '\xa0catchy', '\xa0youth', 'cheerful', '\xa0commercial', '\xa0young', 'cool', '\xa0travel', 'corporate', '\xa0dance', '\xa0energetic', '\xa0energy', '\xa0fun', '\xa0happy', '\xa0inspirational', '\xa0inspiring', 'vlog', '\xa0joyful', '\xa0succes', 'modern', '\xa0motivation', 'motivational', '\xa0tropical', 'optimistic', '\xa0trendy', 'sun', 'party', '\xa0pop', '\xa0vacation', 'positive', '\xa0radio', '\xa0success', '\xa0sport', 'summer', '\xa0upbeat', '\xa0uplifting', '\xa0vlog', 'andriy mashtalir', 'club']
https://www.bensound.com/royalty-free-music/track/flying-noodles-hip-hop-urban-funky;['urban', 'hip', 'hop', 'street', 'cool', '90s', 'old', 'school', 'hip-hop', 'boombox', 'young', 'youth', 'fun', 'samples', 'bright', 'positive', 'scratch', 'vinyl', 'exciting', 'thrilling', 'commercial', 'advertising', 'movement', 'dance', 'funk', 'funky', 'break', 'sport', 'vlog', 'stereochipz']
https://www.bensound.com/royalty-free-music/track/flying-hearts;['electronic', 'corporate', 'pop', 'inspiration', 'inspirational', 'indie', 'positive', 'bright', 'optimistic', 'corporate', 'motivation', 'success', 'business', 'feel good', 'electric', 'guitar', 'dream', 'happy', 'dreamy', 'airy', 'hopeful', 'adventure', 'discovery', 'synth', 'travel', 'trip', 'journey', 'nature', 'uplifting', 'relaxed', 'chill', 'summer', 'wellness', 'presentation', 'slideshow', 'explainer', 'tutorial', 'vlog', 'commercial', 'advertising', 'documentary', 'indie box']
https://www.bensound.com/royalty-free-music/track/flicker-lights-ambient-cinematic;['cinematic', 'ambient', 'piano', 'strings', 'atmospheric', 'landscape', 'slow', 'hybrid', 'modern', 'contemplative', 'inspiration', 'dream', 'dreamy', 'calm', 'peaceful', 'peace', 'nature', 'travel', 'soundtrack', 'movie', 'film', 'beautiful', 'timelapse', 'love', 'romantic', 'wedding', 'emotional', 'soulful', 'dramatic', 'nostalgia', 'inspirational', 'intimate', 'soft', 'zen', 'meditation', 'relaxation', 'slideshow', 'timelapse', 'documentary', 'andy bird']
https://www.bensound.com/royalty-free-music/track/faster-stronger-powerful-indie-rock;['power', 'rock', 'electric guitar', 'big', 'strong', 'bold', 'fast', 'speed', 'car', 'run', 'claps', 'overdrive', 'distortion', 'energy', 'energetic', 'drive', 'extreme', 'powerful', 'punchy', 'hard', 'rough', 'tough', 'loud', 'adrenaline', 'action', 'agressive', 'race', 'solo', 'guitar', 'stomp', 'synth', 'exciting', 'thrilling', 'evert zeevalkink', 'video game', 'advertising', 'commercial', 'fitness', 'fashion']
https://www.bensound.com/royalty-free-music/track/fabulous-gypsy-jazz-kids-fun;['gypsy', 'jazz', 'guitar', 'piano', 'french', 'old', 'vintage', 'comedy', 'comic', 'comical', 'double bass', 'claps', 'clarinet', 'brass', 'drums', 'contrabass', 'happy', 'fun', 'funny', 'tutorial', 'show', 'magic', 'catchy', 'kids', 'children', 'explainer', 'advertising', 'amusing', 'ponymusic', 'paris', 'humor', 'joke', 'prank', 'game', 'playful', 'play', 'danse', 'house', 'beat', 'hybrid', 'entertaining']
https://www.bensound.com/royalty-free-music/track/enhanced-news-report-forecast-tv;['tv', 'information', 'news', 'weather', 'report', 'forecast', 'chill', 'relaxed', 'relax', 'lounge', 'chillout', 'ambient', 'background', 'light', 'atmospheric', 'positive', 'bright', 'motivation', 'corporate', 'neutral', 'business', 'company', 'calm', 'peaceful', 'soft', 'gentle', 'science', 'tech', 'technology', 'presentation', 'explainer', 'timelapse', 'education', 'dpmusic']
https://www.bensound.com/royalty-free-music/track/elevate;['corporate', 'positive', 'bright', 'achievement', 'sport', 'drums', 'guitar', 'harmonics', 'travel', 'landscape', 'fly', 'flying', 'nature', 'journey', 'inspirational', 'optimistic', 'tutorial', 'uplifting', 'hopeful', 'modern', 'pop', 'rock', 'success', 'motivation', 'upbeat', 'motivational', 'time laps']
https://www.bensound.com/royalty-free-music/track/eagle-eye-inspirational-optimistic;['corporate', 'inspiration', 'inspirational', 'pop', 'indie', 'positive', 'bright', 'optimistic', 'corporate', 'motivation', 'success', 'business', 'electric', 'guitar', 'dream', 'dreamy', 'airy', 'victorious', 'hopeful', 'adventure', 'discovery', 'travel', 'trip', 'journey', 'nature', 'uplifting', 'relaxed', 'chill', 'summer', 'presentation', 'slideshow', 'explainer', 'tutorial', 'vlog', 'commercial', 'advertising', 'documentary', 'indie box', 'modern']
https://www.bensound.com/royalty-free-music/track/don-t-stop;['corporate', 'acoustic', 'folk', 'motivational', 'muted', 'uplifting', 'palm', 'piano', 'mute', 'guitar', 'success', 'positive', 'bright', 'optimistic', 'motivation', 'driving', 'energetic', 'catchy', 'adventure', 'discovery', 'travel', 'nature', 'success', 'business', 'explainer', 'advertising', 'presentation', 'indie box']
https://www.bensound.com/royalty-free-music/track/don-t-look-behind-indie-folk-rock;['indie', 'rock', 'ballad', 'acoustic', 'atmospheric', 'contemporary', 'deep', 'documentary', 'drums', 'electric guitar', 'emotional', 'folk', 'hazy', 'lonely', 'melancholic', 'nature', 'personal', 'reverb', 'sad', 'songwriter', 'soundscape', 'spacey', 'cinematic', 'sad', 'emotional', 'dramatic', 'moving', 'touching', 'soulful', 'feelings', 'emotion', 'melancholic', 'nostalgia', 'nostalgic', 'calm', 'soft', 'peaceful', 'intimate', 'evert zeevalkink']
https://www.bensound.com/royalty-free-music/track/day-after-day-intimate-indie-folk;['acoustic', 'documentary', 'dreamy', 'honest', 'introspective', 'mellow', 'reflective', 'songwriter', 'young', 'vocals', 'acoustic', 'folk', 'guitar', 'cinematic', 'indie', 'atmospheric', 'electric guitar', 'ballad', 'emotional', 'emotive', 'gentle', 'warm', 'inspiration', 'inspiring', 'inspirational', 'moving', 'touching', 'soulful', 'feelings', 'emotion', 'contemplative', 'landscape', 'melancholic', 'nostalgia', 'nostalgic', 'love', 'romantic', 'calm', 'soft', 'peaceful', 'intimate', 'hopeful', 'adventure', 'discovery', 'travel', 'nature', 'slideshow', 'travel', 'vlog', 'timelapse', 'evert zeevalkink', 'cinematic', 'movie', 'soundtrack', 'score', 'film']
https://www.bensound.com/royalty-free-music/track/dancing-in-the-sand-joyful-indie-folk;['folk', 'indie', 'acoustic', 'claps', 'vocals', 'piano', 'ho', 'hey', 'happy', 'cheerful', 'carefree', 'feel good', 'joyful', 'positive', 'bright', 'optimistic', 'corporate', 'motivation', 'driving', 'catchy', 'mellow', 'uplifting', 'relaxed', 'happiness', 'travel', 'presentation', 'slideshow', 'photo', 'explainer', 'tutorial', 'vlog', 'advertising', 'wedding', 'joy', 'twinsmusic']
https://www.bensound.com/royalty-free-music/track/cold-wind-soft-epic-cinematic;['cinematic', 'atmospheric', 'trailer', 'soundtrack', 'film', 'movie', 'guitar', 'strings', 'hope', 'hopeful', 'choir', 'orchestral', 'fantasy', 'video', 'game', 'epic', 'emotional', 'dramatic', 'magic', 'magical', 'fairy', 'tale', 'adventure', 'discovery', 'action', 'sport', 'timelapse', 'nature', 'landscape', 'am sound']
https://www.bensound.com/royalty-free-music/track/christmas-joy;['christmas', 'xmas', 'orchestral', 'happy', 'joyful', 'strings', 'twinsmusic']
https://www.bensound.com/royalty-free-music/track/charlie-s-mood-jazz-cool-bebop-swing;['jazz', 'piano', 'brushes', 'double bass', 'contrabass', 'drum', 'trio', 'bebop', 'cool', 'swing', 'happy', 'fun', 'funny', 'comedy', 'blues', 'tutorial', 'show', 'magic', 'catchy', 'kids', 'children', 'explainer', 'advertising', 'amusing', 'comic', 'comical', 'pony music']
https://www.bensound.com/royalty-free-music/track/california-dreams-trendy-electro-pop;['edm', 'dance', 'house', 'pop', 'electronic', 'electronica', 'party', 'fun', 'positive', 'bright', 'club', 'feel good', 'happy', 'optimistic', 'inspiration', 'energetic', 'travel', 'relaxed', 'chill', 'leisure', 'laidback', 'lounge', 'chillout', 'sport', 'fitness', 'vlog', 'luxury', 'advertising', 'fashion', 'twinsmusic', 'trend', 'trendy', 'modern', 'cool']
https://www.bensound.com/royalty-free-music/track/bright-lights;['acoustic', 'folk', 'guitar', 'snaps', 'motivation', 'motivational', 'corporate', 'uplifting', 'success', 'positive', 'feel good', 'bright', 'happy', 'cheerful', 'upbeat', 'yan perchuk']
https://www.bensound.com/royalty-free-music/track/bright-future-bright-pop;['pop', 'electronic', 'motivation', 'motivational', 'guitar', 'positive', 'bright', 'corporate', 'travel', 'nature', 'uplifting', 'slideshow', 'advertising', 'commercial', 'business', 'indie box', 'guitar', 'synth', 'synthetic', 'indie', 'claps', 'modern']
https://www.bensound.com/royalty-free-music/track/bright-afternoon-indie-folk-country;['vocals', 'singer', 'song', 'bright', 'brushes', 'chill', 'coffeehouse', 'country', 'fingerpicking', 'blues', 'easy', 'feel good', 'choir', 'harmonies', 'lazy', 'mellow', 'morning', 'nashville', 'photography', 'positive', 'road', 'rural', 'scenery', 'smooth', 'trip', 'banjo', 'organ', 'memories', 'acoustic', 'folk', 'guitar', 'indie', 'ballad', 'emotional', 'emotive', 'gentle', 'warm', 'inspiration', 'inspiring', 'inspirational', 'nostalgic', 'songwriter', 'moving', 'touching', 'soulful', 'contemplative', 'landscape', 'calm', 'soft', 'peaceful', 'hopeful', 'adventure', 'discovery', 'travel', 'nature', 'slideshow', 'travel', 'vlog', 'evert zeevalkink']
https://www.bensound.com/royalty-free-music/track/breath-of-an-elephant-intimate-emotional;['calm', 'quiet', 'slow', 'gentle', 'soft', 'piano', 'toy', 'atmospheric', 'intimate', 'minimalist', 'cinematic', 'soundtrack', 'film', 'documentary', 'nature', 'discovery', 'sad', 'melancholic', 'melancholy', 'nostalgia', 'emotion', 'feelings', 'emotional', 'touching', 'moving', 'inspirational', 'inspiration', 'peaceful', 'peace', 'timelapse', 'slideshow', 'nadav cohen']
https://www.bensound.com/royalty-free-music/track/brave-epic-classical-orchetral;['cinematic', 'epic', 'orchestral', 'strings', 'bravery', 'choir', 'bells', 'cello', 'contrabass', 'staccato', 'brave', 'bold', 'action', 'movie', 'trailer', 'film', 'score', 'soundtrack', 'magic', 'magical', 'fantasy', 'fairy', 'tale', 'victorious', 'adventure', 'exciting', 'thrilling', 'big', 'opener', 'video game', 'documentary', 'nature', 'history', 'classical', 'twinsmusic']
https://www.bensound.com/royalty-free-music/track/blue-sun-future-bass;['future', 'bass', 'pop', 'electronic', 'edm', 'electronica', 'agressive', 'energetic', 'action', 'sport', 'powerful', 'epic', 'exciting', 'thrilling', 'vlog', 'travel', 'fitness', 'advertising', 'commercial', 'fashion', 'catchy', 'modern', 'cutting edge', 'uplifting', 'video', 'game', 'extreme', 'opener', 'car', 'synth', 'synths', 'catchy', 'anton vlasov']
https://www.bensound.com/royalty-free-music/track/blue-palms-beach-fun-happy;['pop', 'dance', 'electronic', 'tropical', 'edm', 'fun', 'happy', 'cheerful', 'carefree', 'feel good', 'joyful', 'joy', 'party', 'positive', 'bright', 'optimistic', 'energetic', 'cool', 'youth', 'adventure', 'travel', 'girl', 'girls', 'beauty', 'vacation', 'uplifting', 'exciting', 'relaxed', 'chill', 'leisure', 'laidback', 'slideshow', 'beach', 'sun', 'vlog', 'advertising', 'fashion', 'trendy', 'sport', 'fitness', 'indie box']
https://www.bensound.com/royalty-free-music/track/blissful-journey-joyful-upbeat-folk;['acoustic', 'pop', 'folk', 'happy', 'fun', 'happiness', 'joy', 'modern', 'indie', 'guitar', 'cheerful', 'feel good', 'joyful', 'upbeat', 'uplifting', 'positive', 'bright', 'bliss', 'corporate', 'motivation', 'success', 'energetic', 'energy', 'driving', 'catchy', 'soft', 'cool', 'kids', 'youth', 'playful', 'adventure', 'discovery', 'travel', 'trip', 'journey', 'nature', 'freedom', 'opener', 'advertising', 'commercial', 'slideshow', 'tutorial', 'vlog', 'indie box']
https://www.bensound.com/royalty-free-music/track/blast-epic-rock;['rock', 'hard', 'heavy', 'metal', 'epic', 'power', 'powerful', 'strong', 'impact', 'trailer', 'sport', 'action', 'distortion', 'electric', 'guitar', 'overdrive', 'opener', 'intro', 'explosion', 'explosive', 'energy', 'energetic', 'movie', 'hybrid', 'titles', 'edrecords', 'agressive']
https://www.bensound.com/royalty-free-music/track/beyond-the-walls;['suspense', 'trailer', 'sci', 'fi', 'sci-fi', 'disturbing', 'horror', 'distress', 'fear', 'disturbing', 'danger', 'hybrid', 'cinematic', 'epic', 'dark', 'fantasy', 'scary', 'anxiety', 'anxious', 'action', 'movie', 'film', 'score', 'soundtrack', 'video', 'game', 'tension', 'stress', 'edrecords', 'elctronic', 'fx', 'glitch', 'glitches', 'reverse', 'effects', 'impact', 'serious', 'opener', 'battle', 'soldier', 'futur', 'futuristic']
https://www.bensound.com/royalty-free-music/track/be-yourself-happy-cheerful-fun;['happy', 'indie', 'folk', 'pop', 'corporate', 'motivation', 'motivational', 'cheerful', 'carefree', 'feel good', 'joyful', 'positive', 'bright', 'optimistic', 'corporate', 'motivation', 'success', 'business', 'energetic', 'claps', 'kids', 'youth', 'adventure', 'indie box', 'explainer', 'tutorial', 'travel', 'presentation', 'vlog', 'advertising', 'fresh', 'trendy']
https://www.bensound.com/royalty-free-music/track/battlefield-epic-medieval;['epic', 'symphonic', 'orchestral', 'choir', 'medieval', 'knights', 'battle', 'war', 'action', 'game', 'fantasy', 'hero', 'heroic', 'fantastic', 'intense', 'powerful', 'military', 'fight', 'glory', 'victory', 'hollywood', 'pirates', 'trailer', 'edrecords']
https://www.bensound.com/royalty-free-music/track/back to basics;['rock', 'hard', 'heavy', 'drive', 'electric guitars', 'power', 'powerful', 'impact', 'driving', 'agressive', 'danger', 'action', 'sport', 'extreme', 'exciting', 'thrilling', 'energetic', 'indie', 'trailer', 'edrecords', 'overdrive']
https://www.bensound.com/royalty-free-music/track/awaken-dan-phillipson;['piano', 'cinematic', 'film', 'contemplative', 'movie', 'soft', 'sad', 'warm', 'gentle', 'soundscape', 'calm', 'airy', 'moving', 'melancholic', 'peaceful', 'dreaming', 'dream', 'strings', 'orchestral', 'hybrid', 'sentimental', 'touching', 'dan phillipson', 'romantic', 'love', 'hopeful', 'inspirational']
https://www.bensound.com/royalty-free-music/track/around-the-corner-indie-stock-music;['pulsating', 'pulse', 'guitar', 'electric', 'electronic', 'synths', 'synthetic', 'modern', 'tech', 'rock', 'progressive', 'ambient', 'indie', 'sport', 'flying', 'extreme', 'free', 'freedom', 'nature', 'success', 'travel', 'atmospheric', 'inspiring', 'contemplative', 'grand', 'epic', 'dan phillipson']
https://www.bensound.com/royalty-free-music/track/along-the-river-atmospheric-acoustic-guitar;['acoustic', 'folk', 'guitar', 'cinematic', 'indie', 'atmospheric', 'electric guitar', 'ballad', 'emotional', 'emotive', 'gentle', 'warm', 'inspiration', 'inspiring', 'inspirational', 'reverb', 'sad', 'songwriter', 'moving', 'touching', 'soulful', 'feelings', 'emotion', 'contemplative', 'landscape', 'melancholic', 'nostalgia', 'nostalgic', 'love', 'romantic', 'calm', 'soft', 'peaceful', 'intimate', 'hopeful', 'adventure', 'discovery', 'travel', 'nature', 'slideshow', 'travel', 'vlog', 'timelapse', 'evert zeevalkink']
https://www.bensound.com/royalty-free-music/track/a-new-quest-emotional-cinematic;['cinematic', 'epic', 'emotional', 'score', 'trailer', 'hollywood', 'dramatic', 'fairy', 'inspiring', 'inspirational', 'hopeful', 'game', 'orchestral', 'strings', 'orchestra', 'soundtrack', 'sad', 'moving', 'touching', 'soft', 'nature', 'slow', 'documentary', 'timelapse', 'luxury']
https://www.bensound.com/royalty-free-music/track/a-new-hope;['cinematic', 'sad', 'dramatic', 'drama', 'tragic', 'battle', 'war', 'epic', 'soundtrack', 'hope', 'sadness', 'dark', 'emotional', 'orchestra', 'suffering', 'tragedy', 'orchestral', 'score', 'hollywood', 'trailer', 'moving', 'touching', 'edrecords', 'fantasy', 'hero', 'heroic', 'strings', 'symphonic']
https://www.bensound.com/royalty-free-music/track/a-new-galaxy-tech-corporate;['ambient', 'abstract', 'atmospheric', 'hi', 'tech', 'technology', 'experimental', 'timelapse', 'modern', 'presentation', 'explainer', 'advertising', 'commercial', 'electronic', 'vital', 'corporate', 'product', 'neutral', 'serious', 'soft', 'science', 'computer', 'discovery', 'innovation', 'innovate']
https://www.bensound.com/royalty-free-music/track/into-the-dark-atmospheric;['enigmatic', 'disturbing', 'weird', 'mysterious', 'dark', 'shadow', 'fantasy', 'fantastic', 'game', 'hybrid', 'epic', 'choir', 'cinematic', 'atmospheric', 'action', 'suspense', 'trailer', 'ambient', 'space', 'score', 'movie', 'film', 'tension', 'discovery', 'experimental', 'edrecords']
https://www.bensound.com/royalty-free-music/track/iron-dust-epic-stomp;['danger', 'percussion', 'hybrid', 'stomp', 'brass', 'hybrid', 'orchestra', 'epic', 'danger', 'tension', 'action', 'trailer', 'powerful', 'wild', 'african', 'tribal', 'africa', 'taiko', 'drums', 'drum', 'bass drum', 'fantasy', 'sci-fi', 'battle', 'power', 'agressive', 'war', 'battle', 'predator', 'animals', 'dynamic', 'chase', 'nature', 'documentary', 'jungle', 'hunt', 'hunting', 'savage', 'jungle', 'savanna', 'strong', 'impact', 'video game', 'movie', 'film', 'score', 'soundtrack', 'brutal', 'edrecords']
https://www.bensound.com/royalty-free-music/track/its-our-time-pop-folk;['folk', 'pop', 'bright', 'happy', 'positive', 'corporate', 'motivation', 'feel good', 'happiness', 'adventure', 'uplifting', 'nature', 'discovery', 'travel', 'vlog', 'advertising', 'commercial', 'upbeat', 'guitars', 'banjo', 'optimistic', 'acoustic', 'country']
https://www.bensound.com/royalty-free-music/track/keep-out-dark-electronic-trap;['dark', 'electronic', 'synthetic', 'trap', 'agressive', 'danger', 'extreme', 'insane', 'crazy', 'action', 'sport', 'achievement', 'exploit', 'epic', 'big', 'huge', 'cinematic', 'fear', 'powerful', 'dramatic', 'speed', 'car', 'race', 'run', 'anton vlasov']
https://www.bensound.com/royalty-free-music/track/knockout-stomp-percussion;['tribal', 'percussion', 'urban', 'taiko', 'drums', 'epic', 'danger', 'action', 'fear', 'cinematic', 'epic', 'trailer', 'heavy', 'agressive', 'battle', 'fight', 'jungle', 'war', 'power', 'powerful', 'impact', 'solo', 'stomp', 'vital', 'sport', 'extreme', 'anton vlasov']
https://www.bensound.com/royalty-free-music/track/la-la-la-happy-cheerful;['mandolin', 'banjo', 'acoustic', 'guitar', 'folk', 'banjo', 'hey', 'happy', 'cheerful', 'positive', 'bright', 'kids', 'children', 'fun', 'funny', 'carefree', 'feel good', 'youth', 'uplifting', 'video', 'game', 'travel', 'slideshow', 'explainer', 'advertising', 'nature', 'education', 'indie box']
https://www.bensound.com/royalty-free-music/track/landscape-future-chill;['chill', 'relaxed', 'electronic', 'vocal', 'chops', 'samples', 'vlog', 'travel', 'slideshow', 'timelapse', 'emotional', 'moving', 'sad', 'melancholic', 'cinematic', 'future', 'bass', 'advertising', 'documentary', 'fashion', 'luxury', 'edm', 'lounge', 'ambient', 'andriy', 'mashtalir', 'inspirational', 'laidback', 'electro', 'atmospheric', 'pop', 'chillout', 'summer', 'leisure', 'beauty', 'landscape', 'glitch', 'modern', 'trip', 'hop', 'slow', 'calm', 'peaceful', 'guitar']
https://www.bensound.com/royalty-free-music/track/life-is-wonderful-folk-song;['folk', 'acoustic', 'song', 'lyrics', 'vocals', 'vox', 'happy', 'happiness', 'optimistic', 'cheerful', 'feel good', 'positive', 'bright', 'pop', 'carefree', 'soft', 'gentle', 'adventure', 'travel', 'nature', 'uplifting', 'slideshow', 'wedding', 'romantic', 'love', 'couple', 'advertising', 'commercial', 'zac nelson', 'fun']
https://www.bensound.com/royalty-free-music/track/life-teller-uplifting-pop;['uplifting', 'corporate', 'positive', 'bright', 'motivation', 'presentation', 'commercial', 'advertising', 'success', 'hopeful', 'vocals', 'catchy', 'energetic', 'driving', 'fun', 'exciting', 'motivational', 'inspiring', 'upbeat', 'pop', 'edrecords']
https://www.bensound.com/royalty-free-music/track/limitless-urban-chill-hip-hop;['chill', 'hip', 'hop', 'beat', 'pop', 'cinematic', 'fashion', 'inspiring', 'stylish', 'trap', 'trendy', 'urban', 'modern', 'synths', 'youtube', 'vocal', 'vital', 'exciting', 'power', 'powerful', 'impact', 'samples', 'summer', 'energy', 'positive', 'bright']
https://www.bensound.com/royalty-free-music/track/long-river-epic-score;['cinematic', 'inspiring', 'sad', 'action', 'adventure', 'movie', 'soundtrack', 'strings', 'orchestral', 'orchestra', 'brass', 'heroic', 'fantasy', 'hopeful', 'hope', 'hollywood', 'trailer', 'dramatic', 'war', 'video', 'game', 'fight', 'battle', 'dramatic', 'tragic', 'emotional', 'epic', 'film', 'score', 'soundtrack', 'hero', 'movie', 'timelapse', 'edrecords']
https://www.bensound.com/royalty-free-music/track/lost-angel-orchestral-corporate;['cinematic', 'corporate', 'motivation', 'hopeful', 'presentation', 'business', 'inspiring', 'orchestral', 'strings', 'inspiration', 'bright', 'elegant', 'timelapse', 'uplifting', 'success', 'achievement', 'epic', 'emotional', 'adventure', 'discovery', 'travel', 'nature', 'slideshow', 'edrecords']
https://www.bensound.com/royalty-free-music/track/lunch-in-paris-gypsy-jazz-french;['gypsy', 'jazz', 'manouche', 'django', 'guitar', 'fun', 'funny', 'happy', 'kids', 'children', 'comedy', 'laugh', 'comedian', 'paris', 'france', 'french', 'quirky', 'burlesque', 'humor', 'joke', 'prank', 'video game', 'presentation', 'sketch', 'drawing', 'explainer', 'advertising', 'ponymusic']
https://www.bensound.com/royalty-free-music/track/miami-urban-chill-hop;['lounge', 'chill', 'cafe', 'hip', 'hop', 'chillhop', 'jazzy', 'urban', 'relax', 'relaxed', 'luxury', 'fashion', 'laid back', 'laidback', 'summer', 'warm', 'background', 'bar', 'piano', 'leisure', 'travel', 'vlog', 'calm', 'soft', 'decoration', 'real estate', 'product', 'presentation', 'commercial', 'advertising', 'glamour', 'sexy', 'smooth', 'edrecords']
https://www.bensound.com/royalty-free-music/track/mountains-and-peaks;['hopeful', 'uplifting', 'positive', 'bright', 'motivation', 'corporate', 'guitar', 'chill', 'success', 'joyful', 'yan perchuk', 'piano', 'advertising', 'commercial', 'presentation', 'pop', 'motivational', 'inspirational', 'indie', 'confident', 'optimistic', 'celebrate', 'celebration']
https://www.bensound.com/royalty-free-music/track/myth-irish-legend;['fairy', 'magical', 'magic', 'celtic', 'irish', 'epic', 'fantasy', 'cinematic', 'legend', 'forrest', 'mystery', 'mysterious', 'mysteries', 'tale', 'tales', 'orchestral', 'strings', 'violin', 'harp', 'nature', 'score', 'movie', 'film', 'soundtrack', 'documentary', 'zac nelson', 'legend', 'legends', 'choir']
https://www.bensound.com/royalty-free-music/track/new-achievements-motivation;['positive', 'bright', 'uplifting', 'corporate', 'motivation', 'motivational', 'success', 'pop', 'rock', 'business', 'innovate', 'presentation', 'advertising', 'inspiration', 'inspirational', 'successful', 'indie', 'box']
https://www.bensound.com/royalty-free-music/track/new-horizon;['whistle', 'whistling', 'happy', 'acoustic', 'folk', 'vocals', 'indie box', 'joy', 'joyful', 'flute', 'guitar', 'bright', 'happiness', 'uplifting', 'upbeat', 'commercial', 'advertising', 'fingerpicking', 'positive', 'optimistic', 'fun', 'kids', 'children', 'carefree', 'cheerful', 'carefree', 'feel good']
https://www.bensound.com/royalty-free-music/track/next-run-future-bass-sport;['future', 'bass', 'edm', 'electronic', 'synthetic', 'modern', 'trap', 'chops', 'cutting edge', 'trap', 'dubstep', 'pop', 'energetic', 'action', 'sport', 'extreme', 'glide', 'ride', 'run', 'race', 'car', 'samples', 'vocal', 'bright', 'powerful', 'aggressive', 'adventure', 'exciting', 'thrilling', 'hi', 'tech', 'experimental', 'glitch', 'vlog', 'advertising', 'commercial', 'fitness', 'fashio', 'luxury', 'anton vlasov', 'power', 'big', 'epic']
https://www.bensound.com/royalty-free-music/track/open-skies-peaceful-acoustic;['acoustic', 'folk', 'positive', 'inspirational', 'inspiring', 'inspiration', 'warm', 'mellow', 'soft', 'peace', 'peaceful', 'calm', 'guitar', 'brushes', 'snaps', 'bright', 'hopeful', 'love', 'slideshow', 'wedding', 'couple', 'romantic', 'travel', 'nature', 'relaxed', 'vlog', 'explainer', 'indie', 'box', 'slide', 'piano', 'album', 'photos', 'pictures', 'memories', 'nostalgia']
https://www.bensound.com/royalty-free-music/track/over-the-hills;['piano', 'strings', 'ambient', 'presentation', 'vital', 'atmospheric', 'inspiring', 'experimental', 'background', 'soft', 'warm', 'calm', 'electronica', 'timelapse', 'chill', 'business', 'corporate', 'success', 'dreamy', 'electronic', 'easy listening', 'emotional', 'modern', 'smooth', 'soft', 'hopeful']
https://www.bensound.com/royalty-free-music/track/path-to-success;['motivation', 'corporate', 'motivational', 'success', 'uplifting', 'pop', 'rock', 'electric', 'guitar', 'presentation', 'positive', 'optimistic', 'bright', 'business', 'successful', 'travel', 'vlog', 'advertising', 'inspiration', 'inspirational', 'indie', 'box', 'commercial']
https://www.bensound.com/royalty-free-music/track/plan-to-win-indie-rock-stock-music;['rock', 'indie', 'inspiring', 'electric', 'guitar', 'epic', 'achievement', 'dramatic', 'building', 'melancholic', 'emotional', 'grand', 'extreme', 'powerful', 'triumphant', 'dan phillipson', 'power', 'impact']
https://www.bensound.com/royalty-free-music/track/progress-science-timelapse;['future', 'futuristic', 'science', 'technology', 'abstract', 'innovation', 'creative', 'creativity', 'glitch', 'digital', 'electronic', 'high', 'tech', 'hi', 'timelapse', 'synthetic', 'space', 'spacial', 'scientific', 'vital']
https://www.bensound.com/royalty-free-music/track/rambling-chil-hip-hop;['chill', 'hip', 'hop', 'urban', 'bright', 'relax', 'relaxed', 'vlog', 'sun', 'summer', 'chill out', 'lounge', 'laidback', 'youtube', 'travel', 'advertising', 'commercial', 'anton vlasov', 'hip-hop', 'soul', 'street', 'smooth', 'funk', 'funky', 'vocal', 'samples']
https://www.bensound.com/royalty-free-music/track/risen-from-the-ashes-epic-royalty-free-music;['epic', 'cinematic', 'orchestral', 'dramatic', 'hero', 'tense', 'piano', 'strings', 'brass', 'build', 'choirs', 'fantasy', 'fight', 'freedom', 'glorious', 'heroic', 'horns', 'melancholic', 'danger', 'game', 'battle', 'adventure', 'emotional', 'anxious']
https://www.bensound.com/royalty-free-music/track/magical-epic-fantasy;['magical', 'ambient', 'vocals', 'female', 'fantasy', 'orchestral', 'epic', 'strings', 'piano', 'hero', 'heroic', 'achievement', 'cinematic', 'film', 'game', 'video', 'impact', 'powerful', 'trailer', 'sci-fi', 'emotional', 'dramatic', 'adventure', 'nature', 'dreamy', 'dream', 'big', 'grand', 'edrecords']
https://www.bensound.com/royalty-free-music/track/floating-gentle-indie-folk;['guitar', 'slide', 'calm', 'soft', 'peaceful', 'acoustic', 'vlog', 'travel', 'folk', 'indie', 'soft', 'gentle', 'romantic', 'relaxing', 'chill', 'laidback', 'tambourine', 'piano', 'slideshow', 'timelapse', 'nature', 'discovery', 'documentary', 'bright', 'tomas novoa', 'advertising', 'commercial', 'warm']
https://www.bensound.com/royalty-free-music/track/fire-catcher;"['rock', 'hard', 'heavy', 'strong', 'power', 'powerful', 'electric', 'guitar', ""rock 'n' roll"", 'vintage', 'cool', 'action', 'sport', 'movie', 'opener', 'intro', 'strong', 'wild', 'vocal', 'riff', 'blues', 'extreme', 'indie', 'box', 'solo', 'dark', 'agressive', 'exciting', 'thrilling', 'epic', 'tarantino', 'gangster']"
https://www.bensound.com/royalty-free-music/track/easy-chill-hip-hop-royalty-free-music;['chill', 'hip', 'hop', 'hip-hop', 'urban', 'groove', 'modern', 'cool', 'samples', 'jazz', 'jazzy', 'beat', 'vocal', 'scratch', 'feel good', 'electric', 'piano', 'relax', 'relaxing', 'street', 'soul', 'smooth', 'exciting', 'upbeat', 'uplifting', 'vital', 'cheerful', 'positive', 'sun', 'summer', 'travel', 'youtube']
https://www.bensound.com/royalty-free-music/track/distant-land-chill-electro;['chill', 'relaxed', 'electronic', 'melancholic', 'vocal', 'chops', 'samples', 'vlog', 'travel', 'slideshow', 'timelapse', 'emotional', 'moving', 'calm', 'peaceful', 'nature', 'discovery', 'cinematic', 'future', 'bass', 'advertising', 'documentary', 'fashion', 'luxury', 'edm', 'lounge', 'ambient', 'andriy', 'mashtalir', 'inspirational', 'laidback', 'electro', 'atmospheric', 'pop', 'chillout', 'summer', 'leisure', 'beauty', 'landscape', 'glitch', 'modern', 'youtube']
https://www.bensound.com/royalty-free-music/track/dancing-in-the-waves;['bright', 'folk', 'acoustic', 'guitar', 'positive', 'advertising', 'indie', 'box', 'commercial', 'upbeat', 'optimistic', 'organic', 'warm', 'soft', 'piano', 'gentle', 'cello', 'happy', 'cheerful', 'light', 'soft']
https://www.bensound.com/royalty-free-music/track/colorful-happy-indie-folk;['indie', 'folk', 'pop', 'rock', 'guitar', 'acoustic', 'ukulele', 'synth', 'hybrid', 'vocal', 'samples', 'uplifting', 'happy', 'fun', 'cheerful', 'feel good', 'summer', 'bright', 'positive', 'youth', 'travel', 'sun', 'adventure', 'vlog', 'claps', 'advertising', 'commercial', 'nature', 'indie box']
https://www.bensound.com/royalty-free-music/track/color-beams;['electronic', 'electro', 'vocal', 'chops', 'airy', 'dreamy', 'hi', 'tech', 'pop', 'synthetic', 'synths', 'ambient', 'fashion', 'original', 'trendy', 'modern', 'positive', 'bright', 'youth', 'cool', 'video', 'game', 'light', 'snaps', 'future', 'chill', 'indie', 'box', 'presentation', 'educational', 'explainer']
https://www.bensound.com/royalty-free-music/track/ciribay-trip-hop;['chill', 'relaxed', 'electronic', 'vocal', 'chops', 'samples', 'soft', 'slow', 'calm', 'vlog', 'travel', 'trip', 'hopslideshow', 'timelapse', 'emotional', 'moving', 'sad', 'melancholic', 'cinematic', 'future', 'bass', 'advertising', 'documentary', 'fashion', 'luxury', 'edm', 'lounge', 'ambient', 'andriy', 'mashtalir', 'inspirational', 'laidback', 'electro', 'atmospheric', 'pop', 'chillout', 'summer', 'leisure', 'beauty', 'landscape', 'glitch', 'modern']
https://www.bensound.com/royalty-free-music/track/champions-future-bass;['future', 'bass', 'electronic', 'synthetic', 'synth', 'sport', 'timelapse', 'flume', 'modern', 'epic', 'action', 'ride', 'drive', 'car', 'agressive', 'uplifting', 'experimental', 'glitch', 'pop', 'anton vlasov']
https://www.bensound.com/royalty-free-music/track/can-you-feel-it;['electric', 'guitar', 'drums', 'claps', 'clapping', 'fun', 'uplifting', 'energy', 'positive', 'catchy', 'cool', 'energetic', 'exciting', 'joyful', 'lively', 'optimistic', 'playful', 'positive', 'teenage', 'upbeat', 'warm', 'youth', 'driving', 'indie', 'rock', 'pop', 'dan', 'phillipson']
https://www.bensound.com/royalty-free-music/track/burning-fire-indie-rock;['rock', 'indie', 'cinematic', 'guitar', 'moving', 'epic', 'power', 'string', 'building', 'extreme', 'sport', 'uplifting', 'dramatic', 'big', 'powerful', 'triumphant', 'grand', 'hopeful', 'proud', 'dan phillipson']
https://www.bensound.com/royalty-free-music/track/build-your-future-experiemental-urban;['urban', 'hip', 'hop', 'electronic', 'modern', 'strong', 'experimental', 'brass', 'synthetic', 'synth', 'electronica', 'computer', 'advertising', 'vital', 'complex', 'samples', 'beat', 'success', 'achievement']
https://www.bensound.com/royalty-free-music/track/sandwich-future-hip-hop;['future', 'hip-hop', 'hip', 'hop', 'chill', 'chill out', 'relax', 'relaxed', 'lounge', 'urban', 'street', 'smooth', 'funky', 'chinese', 'asian', 'glitch', 'glitches', 'beat', 'vlog', 'advertising', 'timelapse', 'tech', 'hi', 'hi-tech', 'travel', 'education', 'presentation', 'anton vlasov', 'fashion', 'luxury', 'slow']
https://www.bensound.com/royalty-free-music/track/save-the-world-epic-lyrical-vocal;['opera', 'vocal', 'vocals', 'singing', 'singer', 'female', 'lyrical', 'inspirational', 'heroic', 'fantasy', 'epic', 'trailer', 'video', 'game', 'movie', 'film', 'cinematic', 'moving', 'touching', 'emotional', 'hope', 'hopeful', 'action', 'hollywood', 'classical', 'adventure', 'hero', 'choir', 'orchestra', 'orchestral', 'inspiration', 'victory', 'victorious', 'strings', 'tender', 'slow', 'gentle', 'soft', 'slideshow', 'timelapse', 'nature', 'documentary', 'sad', 'dramatic', 'edrecords']
https://www.bensound.com/royalty-free-music/track/shadow-lake-film-soundtrack;['cinematic', 'trailer', 'epic', 'fantasy', 'fairy', 'tale', 'orchestra', 'orchestral', 'strings', 'piano', 'suspense', 'dramatic', 'video', 'game', 'action', 'intro', 'opener', 'atmospheric', 'tension', 'adventure', 'discovery', 'nature', 'documentary', 'timelapse', 'score', 'soundtrack', 'movie', 'film', 'edrecords', 'strings', 'hybrid', 'scifi', 'sci-fi', 'rise', 'rising']
https://www.bensound.com/royalty-free-music/track/softly-gentle-motivation-corporate;['corporate', 'presentation', 'soft', 'background', 'light', 'bright', 'business', 'advertising', 'gentle', 'guitar', 'innovate', 'innovation', 'promotional', 'success', 'tech', 'serious', 'vital', 'motivation', 'motivational', 'commercial']
https://www.bensound.com/royalty-free-music/track/stomp-urban-percussion;['tribal', 'percussion', 'urban', 'taiko', 'drums', 'epic', 'danger', 'action', 'cinematic', 'trailer', 'heavy', 'agressive', 'battle', 'fight', 'jungle', 'war', 'power', 'powerful', 'impact', 'solo', 'stomp', 'vital', 'sport', 'extreme']
https://www.bensound.com/royalty-free-music/track/string-theory-science-technology;['electronic', 'synthetic', 'abstract', 'science', 'technology', 'future', 'invention', 'innovation', 'atmospheric', 'biology', 'futuristic', 'medical', 'space', 'hi', 'tech', 'timelapse', 'product', 'vital', 'scientific']
https://www.bensound.com/royalty-free-music/track/summer-eyes;['bright', 'happy', 'folk', 'acoustic', 'guitar', 'mandolin', 'indie box', 'uplifting', 'joy', 'joyful', 'positive', 'exciting', 'advertising', 'commercial', 'motivation', 'upbeat', 'energy', 'energetic', 'optimistic', 'organic', 'indie', 'warm', 'children', 'kids', 'happiness', 'cheerful', 'carefree', 'feel good']
https://www.bensound.com/royalty-free-music/track/sun-is-out;['folk', 'acoustic', 'uplifting', 'positive', 'bright', 'guitar', 'soft', 'happy', 'light', 'optimistic', 'yan perchuk', 'finger picking', 'piano', 'commercial', 'advertising', 'promotional', 'gentle', 'warm', 'tender', 'feel good']
https://www.bensound.com/royalty-free-music/track/suzhou-china-chinese-asian;['china', 'chinese', 'asia', 'asian', 'asiatic', 'beijing', 'new year', 'east', 'celebration', 'hong kong', 'shangai', 'koto', 'exotic', 'traditional', 'positive', 'bright', 'orchestral', 'adventure', 'travel', 'vlog', 'nature', 'slideshow', 'edrecords', 'guzheng', 'erhu', 'dizi', 'percussion']
https://www.bensound.com/royalty-free-music/track/the-mountain-epic-hybrid-mysterious;['enigmatic', 'mystery', 'mysterious', 'atmospheric', 'epic', 'cinematic', 'magic', 'fantasy', 'synth', 'hybrid', 'modern', 'futuristic', 'robot', 'sci-fi', 'science', 'video', 'game', 'dark', 'suspense', 'choir', 'voice', 'synthetic', 'sound', 'fx', 'sfx', 'score', 'movie', 'soundtrack', 'tension', 'action', 'power', 'powerful', 'victorious', 'strange', 'scary', 'battle', 'war', 'edrecords']
https://www.bensound.com/royalty-free-music/track/the-release-indie-royalty-free-music;['rock', 'pop', 'electric', 'guitar', 'drums', 'bass', 'synth', 'achievement', 'ambient', 'adventure', 'travel', 'airy', 'building', 'success', 'cinematic', 'confident', 'epic', 'discover', 'driving', 'dynamic', 'exciting', 'freedom', 'nature', 'landscape', 'hopeful', 'inspiring', 'youtube', 'music', 'journey', 'lively', 'powerful', 'power', 'proud', 'strength', 'travel', 'triumphant', 'indie', 'melancholy', 'moving']
https://www.bensound.com/royalty-free-music/track/this-is-your-time-catchy-royalty-free-music;['pop', 'fun', 'upbeat', 'cool', 'bouncy', 'jazz', 'jazzy', 'bright', 'piano', 'drums', 'synths', 'modern', 'trumpet', 'brass', 'percussion', 'cheerful', 'catchy', 'confidence', 'upbeat', 'confident', 'feel good', 'funky', 'groove', 'joyful', 'youthful', 'electric', 'piano', 'energy', 'energetic', 'dan', 'phillipson']
https://www.bensound.com/royalty-free-music/track/thoughts-resolve-dan-phillipson;['cinematic', 'soft', 'piano', 'ambient', 'atmospheric', 'contemplative', 'reflective', 'warm', 'calm', 'guitar', 'mellow', 'emotional', 'moving', 'slow', 'melancholic', 'sad', 'love', 'film', 'movie', 'dan phillipson', 'dramatic']
https://www.bensound.com/royalty-free-music/track/together-emotional;['piano', 'classical', 'romantic', 'love', 'gentle', 'soft', 'moving', 'emotional', 'touching', 'sad', 'slideshow', 'wedding', 'couple', 'cinematic', 'strings', 'elegant', 'nostalgia', 'sentimental', 'tender', 'warm', 'edrecords', 'film', 'movie', 'photo', 'album']
https://www.bensound.com/royalty-free-music/track/touch-the-sky-upliting-indie-folk;['guitar', 'acoustic', 'vlog', 'travel', 'folk', 'indie', 'soft', 'slideshow', 'nature', 'discovery', 'documentary', 'bright', 'tomas novoa', 'advertising', 'commercial', 'warm', 'romantic', 'happy', 'positive', 'bright', 'uplifting', 'cheerful', 'feel good', 'adventure', 'wedding', 'fresh', 'optimistic']
https://www.bensound.com/royalty-free-music/track/travel-joyful-folk;['folk', 'acoustic', 'guitar', 'ukulele', 'mandolin', 'joy', 'joyful', 'happy', 'summer', 'happiness', 'carefree', 'feel good', 'bright', 'kids', 'children', 'uplifting', 'indie', 'inspiring', 'inspirational', 'upbeat', 'cheerful', 'advertising', 'commercial', 'indie', 'box', 'gentle', 'pop']
https://www.bensound.com/royalty-free-music/track/truest-light;['acoustic', 'folk', 'guitar', 'indie', 'corporate', 'motivation', 'motivational', 'success', 'uplifting', 'bright', 'positive', 'light', 'chill', 'adventure', 'discovery', 'travel', 'nature', 'vlog', 'youtube', 'summer', 'presentation', 'advertising', 'yan perchuk']
https://www.bensound.com/royalty-free-music/track/universe;['glitch', 'glitches', 'ambient', 'atmospheric', 'modern', 'slow', 'calm', 'soft', 'electronic', 'electro', 'electronica', 'peaceful', 'minimal', 'minimalist', 'timelapse', 'experimental', 'chill', 'hop', 'tech', 'technology', 'geek', 'presentation', 'motion', 'vlog', 'travel', 'documentary', 'science', 'nature', 'landscape', 'discovery', 'adventure', 'anton vlasov', 'relaxed']
https://www.bensound.com/royalty-free-music/track/wake-me-up;['future', 'bass', 'pop', 'electronic', 'edm', 'electronica', 'energetic', 'sport', 'epic', 'exciting', 'vlog', 'travel', 'fitness', 'advertising', 'commercial', 'fashion', 'modern', 'cutting edge', 'uplifting', 'video', 'game', 'synth', 'synths', 'catchy', 'anton vlasov', 'vocal', 'vocals', 'samples', 'positive', 'summer', 'optimistic', 'uplifting', 'bright', 'hopeful', 'chill', 'hip', 'hop', 'urban', 'catchy', 'house', 'dance', 'dubstep', 'glitch']
https://www.bensound.com/royalty-free-music/track/when-we-where-kids-whistle-playful-whistling;['folk', 'acoustic', 'ukulele', 'whistle', 'whistling', 'guitar', 'glockenspiel', 'happy', 'fun', 'cheerful', 'carefree', 'positive', 'bright', 'kids', 'children', 'summer', 'sunny', 'joyful', 'upbeat', 'claps', 'holiday', 'soft', 'light', 'indie box', 'play', 'playful', 'game']
https://www.bensound.com/royalty-free-music/track/wonderful-day-cheerful-whistle;['happy', 'acoustic', 'folk', 'whistle', 'whistling', 'guitars', 'claps', 'clapping', 'guitar', 'fun', 'ukulele', 'positive', 'bright', 'sunny', 'summer', 'happiness', 'joy', 'joyful', 'feel good', 'pop', 'kids', 'children', 'strings', 'mandolin', 'indie', 'box', 'cheerful', 'carefree', 'uplifting', 'catchy', 'travel', 'explainer', 'advertising', 'commercial', 'nature', 'sport', 'warm']
https://www.bensound.com/royalty-free-music/track/yellow-sky-emotional-documentary;['cinematic', 'orchestral', 'touching', 'moving', 'sentimental', 'piano', 'strings', 'sad', 'emotional', 'dramatic', 'movie', 'film', 'score', 'classical', 'documentary', 'slideshow', 'nature', 'adventure', 'edrecords']
https://www.bensound.com/royalty-free-music/track/you-got-this;['acoustic', 'guitar', 'piano', 'indie', 'pop', 'positive', 'bright', 'uplifting', 'building', 'gentle', 'corporate', 'motivation', 'success', 'slide', 'bright', 'chill', 'slow', 'soft', 'folk', 'slideshow', 'romantic', 'hopeful', 'inspiration', 'emotional', 'moving', 'inspirational', 'yan perchuk', 'hopeful']
https://www.bensound.com/royalty-free-music/track/your-way;['urban', 'hip', 'hop', 'ambient', 'atmospheric', 'hybrid', 'neutral', 'serious', 'strings', 'background', 'inspiration', 'inspirational', 'modern', 'corporate', 'motivation', 'success', 'product', 'presentation', 'samples', 'vital']
